"","word","stop"
"1","
",NA
"2"," 
",NA
"3","    ",NA
"4","        ",NA
"5","_ 
",NA
"6","-",NA
"7","- ",NA
"8","-so ",NA
"9","-uhichten ",NA
"10",", ",NA
"11",",,ein ",NA
"12",",,Ereignisse ",NA
"13",",,i ",NA
"14",",,people ",NA
"15",",liindlicher ",NA
"16",".,Ausgehend ",NA
"17","""as ",NA
"18","„als ",NA
"19","„einen ",NA
"20","„fenster"" ",NA
"21","„geistige ",NA
"22","„solide 
",NA
"23","„spitze 
",NA
"24","„spitze"" ",NA
"25","„zumutbar"". ",NA
"26","( dahin ) ",NA
"27","( deck ",NA
"28","( Freud ",NA
"29","( mein ",NA
"30","( sagt ",NA
"31","( schleier ) ",NA
"32","( tat 
",NA
"33","( u ",NA
"34","( vergeigten) ",NA
"35","( weil ",NA
"36","( what ",NA
"37","( wo ",NA
"38","(als ",NA
"39","(auf ",NA
"40","(auto-",NA
"41","(ein ",NA
"42","(fenster ",NA
"43","(for ",NA
"44","(freudless ",NA
"45","(grün) ",NA
"46","(in ",NA
"47","(irrationale) ",NA
"48","(it ",NA
"49","(lines) ",NA
"50","(lining). ",NA
"51","(mitten ",NA
"52","(ohr) ",NA
"53","(russ. ",NA
"54","(schlag ",NA
"55","(strait ",NA
"56","(symptom) ",NA
"57","(themen) ",NA
"58","(timemissing)"" 
",NA
"59","(tinseln?), ",NA
"60","[, ",NA
"61","[rioolite 
",NA
"62","[riuolite",NA
"63","[umre ",NA
"64","1 ",NA
"65","1!' ",NA
"66","1.u. ",NA
"67","1) ",NA
"68","11 ",NA
"69","11>"". ",NA
"70","110 ",NA
"71","111 ",NA
"72","1111s ",NA
"73","111iL ",NA
"74","11f'f'ne ",NA
"75","17. ",NA
"76","18. ",NA
"77","19. ",NA
"78","1n 
",NA
"79","2 ",NA
"80","2) ",NA
"81","20. ",NA
"82","21. ",NA
"83","29 
",NA
"84","3 ",NA
"85","4 ",NA
"86","5",NA
"87","5 
",NA
"88","6 ",NA
"89","9 ",NA
"90","a ",NA
"91","A ",NA
"92","A-",NA
"93","A, ",NA
"94","A's ",NA
"95","a) ",NA
"96","ab ",NA
"97","ab.",NA
"98","ab. ",NA
"99","abbau ",NA
"100","abbrechen ",NA
"101","abend ",NA
"102","abende, ",NA
"103","aber ",NA
"104","aber 
",NA
"105","abgekommen, ",NA
"106","abgerissen ",NA
"107","abgeseilt, ",NA
"108","Ableben ",NA
"109","ablegen ",NA
"110","ablegen 
",NA
"111","ablenkung. ",NA
"112","abnabeln, ",NA
"113","abnehmen ",NA
"114","about 
",NA
"115","abreiben ",NA
"116","abreibestelle, ",NA
"117","abreibung, ",NA
"118","abrr ",NA
"119","Abs. ",NA
"120","abschlagen? ",NA
"121","absehen ",NA
"122","abständen ",NA
"123","abwasch, ",NA
"124","abzukriegen ",NA
"125","ach ",NA
"126","achtundzwanzig ",NA
"127","ächzen. ",NA
"128","adel ",NA
"129","adeln, ",NA
"130","adern ",NA
"131","affektiver ",NA
"132","again, ",NA
"133","again. ",NA
"134","ah ",NA
"135","ähnelt 
",NA
"136","ähnlich ",NA
"137","ähnliche ",NA
"138","ahnung, ",NA
"139","ährenkränze, ",NA
"140","ahweh ",NA
"141","ahweh, ",NA
"142","albenvolle ",NA
"143","alexandria. ",NA
"144","Alice! ",NA
"145","all ",NA
"146","all, ",NA
"147","alle ",NA
"148","Alle ",NA
"149","alle.",NA
"150","allein ",NA
"151","allem ",NA
"152","allem, ",NA
"153","allen ",NA
"154","aller ",NA
"155","allerdings ",NA
"156","alles ",NA
"157","allmählich 
",NA
"158","als ",NA
"159","also ",NA
"160","also, ",NA
"161","alt ",NA
"162","alte ",NA
"163","alten ",NA
"164","although ",NA
"165","alveolar ",NA
"166","am ",NA
"167","amt, ",NA
"168","amüsiert, ",NA
"169","an ",NA
"170","an, ",NA
"171","an.",NA
"172","an. ",NA
"173","and ",NA
"174","andere ",NA
"175","anderen ",NA
"176","anderer ",NA
"177","andern ",NA
"178","andern, ",NA
"179","anders ",NA
"180","anders 
",NA
"181","anders, ",NA
"182","anders.",NA
"183","anders. ",NA
"184","anderswo ",NA
"185","androgynem ",NA
"186","anfangs ",NA
"187","angeboren. ",NA
"188","angeborene ",NA
"189","angeln. ",NA
"190","angezogen, ",NA
"191","angsttrauben ",NA
"192","anhaftungen, ",NA
"193","animals, ",NA
"194","ankunft, ",NA
"195","anlangen ",NA
"196","anna ",NA
"197","annablumetalent! ",NA
"198","annan ",NA
"199","another ",NA
"200","anprall ",NA
"201","ans ",NA
"202","ansah""",NA
"203","anschauen, ",NA
"204","anschaute, ",NA
"205","anschmiegt ",NA
"206","anschmiegt, ",NA
"207","ansieht 
",NA
"208","anstellen, ",NA
"209","anstrengt. ",NA
"210","anstrich ",NA
"211","antwort ",NA
"212","anzuziehen ",NA
"213","anzuzieren ",NA
"214","aphasieren, ",NA
"215","aphasikern ",NA
"216","aphasische ",NA
"217","aphasischen ",NA
"218","aphasischer ",NA
"219","applies ",NA
"220","arbeit ",NA
"221","archipel ",NA
"222","arm ",NA
"223","arm, ",NA
"224","arme. ",NA
"225","ärmel ",NA
"226","ärmeln ",NA
"227","armen, ",NA
"228","around ",NA
"229","arrangieren ",NA
"230","art ",NA
"231","Art ",NA
"232","artig ",NA
"233","artikel ",NA
"234","as ",NA
"235","ashberys ",NA
"236","ästen, ",NA
"237","ästlein ",NA
"238","asyl ",NA
"239","at ",NA
"240","atemabstand ",NA
"241","athletik 
",NA
"242","atlantik, ",NA
"243","attrition, ",NA
"244","au-",NA
"245","auch ",NA
"246","auch 
",NA
"247","auch, ",NA
"248","auch: ",NA
"249","auch. ",NA
"250","auf ",NA
"251","auf, ",NA
"252","auf. ",NA
"253","aufbau ",NA
"254","aufbaus, ",NA
"255","aufbockt, ",NA
"256","aufenthalte. ",NA
"257","auffasst, ",NA
"258","aufgehen ",NA
"259","aufgeht, ",NA
"260","aufgelesen, ",NA
"261","aufgelöst ",NA
"262","aufgemacht! ",NA
"263","aufgespalten? ",NA
"264","auflassräume, ",NA
"265","aufpapua-",NA
"266","aufprall ",NA
"267","aufreibestelle, ",NA
"268","aufschäumende ",NA
"269","aufstau ",NA
"270","aufsteigt, ",NA
"271","augen ",NA
"272","augenblicke 
",NA
"273","augenklar ",NA
"274","augenspitze ",NA
"275","augenspitze 
",NA
"276","augenübergehn ",NA
"277","augenweitendes ",NA
"278","aus ",NA
"279","aus, ",NA
"280","aus. ",NA
"281","ausgebauten ",NA
"282","ausgebildetes, ",NA
"283","ausgesetzt ",NA
"284","ausgesetzten ",NA
"285","ausgestülpt, ",NA
"286","auslassing, ",NA
"287","auslauf, ",NA
"288","aussehen ",NA
"289","außen ",NA
"290","äußerlicht ",NA
"291","ausspracheregeln ",NA
"292","aussuchen ",NA
"293","austreibt ",NA
"294","b ",NA
"295","b. ",NA
"296","b) ",NA
"297","babeltrack ",NA
"298","bad ",NA
"299","bahnen, ",NA
"300","bahnental, ",NA
"301","bahnung, ",NA
"302","bald ",NA
"303","bald, ",NA
"304","bälgern 
",NA
"305","ballon, ",NA
"306","ballonartig, ",NA
"307","ballsaal ",NA
"308","bananental ",NA
"309","bändern, ",NA
"310","bannen, ",NA
"311","barbe, ",NA
"312","bart ",NA
"313","bärwurz,",NA
"314","bärwurz, ",NA
"315","basilikum, ",NA
"316","bastmatten, ",NA
"317","bastschirms, ",NA
"318","bauen ",NA
"319","baum ",NA
"320","baum: ",NA
"321","baum. ",NA
"322","Bayern§ ",NA
"323","be?",NA
"324","be? ",NA
"325","becher ",NA
"326","becher, ",NA
"327","becherchen. ",NA
"328","bedacht ",NA
"329","bedenke ",NA
"330","bedeutungsschwanger ",NA
"331","been ",NA
"332","beere, ",NA
"333","beerenpause ",NA
"334","beerenpause, ",NA
"335","befindliche ",NA
"336","begann ",NA
"337","begrüßen ",NA
"338","beherrschen ",NA
"339","beherrschte ",NA
"340","behördlich. ",NA
"341","bei ",NA
"342","beiden 
",NA
"343","beider ",NA
"344","beige ",NA
"345","beim ",NA
"346","beim 
",NA
"347","bein ",NA
"348","beinahe ",NA
"349","beispiel ",NA
"350","bekam ",NA
"351","bekanntlich ",NA
"352","benennen, ",NA
"353","benimmwege. ",NA
"354","beobachter ",NA
"355","bereit, ",NA
"356","bereitgestellter ",NA
"357","Bereitschaft ",NA
"358","bernstein ",NA
"359","berry ",NA
"360","berrybad ",NA
"361","beschaffenheit. ",NA
"362","beschäftigt. ",NA
"363","beschreibung, ",NA
"364","beschwerlich. ",NA
"365","besetzt ",NA
"366","besinnt ",NA
"367","bestückt, ",NA
"368","besungen, ",NA
"369","betreffenden ",NA
"370","bett ",NA
"371","bett, ",NA
"372","bettbezügen, ",NA
"373","between ",NA
"374","beutel ",NA
"375","bewegen ",NA
"376","bewegen? ",NA
"377","bezüge ",NA
"378","bezügen, ",NA
"379","bezügen. ",NA
"380","bibbernde ",NA
"381","biegung ",NA
"382","bigger ",NA
"383","bild ",NA
"384","bild. ",NA
"385","bilden ",NA
"386","bilingual ",NA
"387","bin ",NA
"388","bis ",NA
"389","bis, ",NA
"390","bisschen) 
",NA
"391","black ",NA
"392","blase ",NA
"393","blasen ",NA
"394","blasen, ",NA
"395","blasse ",NA
"396","blatte! ",NA
"397","blattspitzen ",NA
"398","blau ",NA
"399","blauen ",NA
"400","blaupause ",NA
"401","bleib ",NA
"402","bleiben ",NA
"403","bleiben : ",NA
"404","bleibt ",NA
"405","blick, ",NA
"406","blickheft, ",NA
"407","blicking ",NA
"408","blicklichten, ",NA
"409","blieb, ",NA
"410","blieben ",NA
"411","blindness 
",NA
"412","blinzeln ",NA
"413","blond, ",NA
"414","bloß ",NA
"415","blühend, ",NA
"416","blume ",NA
"417","blumen! ",NA
"418","blumenhändler, ",NA
"419","blumenschmuggler ",NA
"420","blumenstrauß, ",NA
"421","blumige 
",NA
"422","blusteren ",NA
"423","blüte ",NA
"424","blüten ",NA
"425","blüten, ",NA
"426","blüten. ",NA
"427","blütenstuss. ",NA
"428","bluterguss, ",NA
"429","blutlos ",NA
"430","bodies, ",NA
"431","bogen ",NA
"432","bögen ",NA
"433","bogenpicots 
",NA
"434","bohren 
",NA
"435","borge, ",NA
"436","borgen, ",NA
"437","boschlagene ",NA
"438","bov 
",NA
"439","boy ",NA
"440","brachte ",NA
"441","brandungsgewandt, ",NA
"442","braucht ",NA
"443","brauste ",NA
"444","brechen ",NA
"445","brechen, ",NA
"446","brei, ",NA
"447","brennt ",NA
"448","bricklebrit ",NA
"449","Bricklebrit ",NA
"450","brides ",NA
"451","brigade ",NA
"452","brigaden, ",NA
"453","bringen ",NA
"454","bringt ",NA
"455","brittleschöne ",NA
"456","broca, ",NA
"457","bröckelt ",NA
"458","brüchige ",NA
"459","brüchigen ",NA
"460","brücke ",NA
"461","brücken ",NA
"462","brücken! ",NA
"463","brüder ",NA
"464","bruder, ",NA
"465","brüder, ",NA
"466","brust- ",NA
"467","brust, ",NA
"468","brüten. ",NA
"469","buckel. ",NA
"470","bucklige ",NA
"471","buh, ",NA
"472","bürgerlicher ",NA
"473","bus ",NA
"474","business ",NA
"475","but ",NA
"476","by ",NA
"477","by, ",NA
"478","cäcilie ",NA
"479","calves 
",NA
"480","Camp, ",NA
"481","can ",NA
"482","cancelt ",NA
"483","ceillet 
",NA
"484","charles ",NA
"485","chatter 
",NA
"486","che ",NA
"487","closed ",NA
"488","cold ",NA
"489","cold, ",NA
"490","collar ",NA
"491","collar 
",NA
"492","conversion ",NA
"493","converting 
",NA
"494","cotton 
",NA
"495","cramps ",NA
"496","cri. ",NA
"497","d ",NA
"498","d. ",NA
"499","D1P ",NA
"500","da ",NA
"501","da 
",NA
"502","da, ",NA
"503","da? ",NA
"504","da?""",NA
"505","dabei ",NA
"506","dächer ",NA
"507","dafür ",NA
"508","dagegen ",NA
"509","dahinter ",NA
"510","dame ",NA
"511","damit ",NA
"512","damit 
",NA
"513","dämmerns ",NA
"514","dämmerung ",NA
"515","dampfend, ",NA
"516","dancerbeard ",NA
"517","daneben, ",NA
"518","dann ",NA
"519","dann, ",NA
"520","darauf ",NA
"521","darbend. ",NA
"522","darin, ",NA
"523","darin.",NA
"524","darüber ",NA
"525","darum ",NA
"526","darum, ",NA
"527","das ",NA
"528","das, ",NA
"529","dass",NA
"530","dass ",NA
"531","dass 
",NA
"532","dattern ",NA
"533","dattern 
",NA
"534","daumengroß 
",NA
"535","davon ",NA
"536","dazu ",NA
"537","dazu. ",NA
"538","dazwischen ",NA
"539","de ",NA
"540","deck ",NA
"541","deckchen ",NA
"542","decke, ",NA
"543","deckel ",NA
"544","decken ",NA
"545","decken, ",NA
"546","deftig, ",NA
"547","dehnung ",NA
"548","dein ",NA
"549","deine ",NA
"550","deiner ",NA
"551","dem ",NA
"552","dem 
",NA
"553","den ",NA
"554","den 
",NA
"555","denen ",NA
"556","denken ",NA
"557","denklichen ",NA
"558","denn ",NA
"559","denn 
",NA
"560","dennoch, ",NA
"561","deplacierer, ",NA
"562","der ",NA
"563","deren ",NA
"564","derselbe ",NA
"565","derweil ",NA
"566","des ",NA
"567","deutend ",NA
"568","deutlich ",NA
"569","deutschen ",NA
"570","dich ",NA
"571","dich, ",NA
"572","dichterdoktor ",NA
"573","dick ",NA
"574","dickichten, ",NA
"575","did ",NA
"576","dideldum: ",NA
"577","die ",NA
"578","die 
",NA
"579","die. ",NA
"580","dienst ",NA
"581","diese ",NA
"582","diesem ",NA
"583","diesen ",NA
"584","dieser ",NA
"585","dieses ",NA
"586","dieu ",NA
"587","different ",NA
"588","diktieren, ",NA
"589","ding ",NA
"590","ding, ",NA
"591","ding. ",NA
"592","dinge ",NA
"593","dinge, ",NA
"594","dingen, ",NA
"595","dingwort ",NA
"596","dir ",NA
"597","direktverbindung ",NA
"598","dis: ",NA
"599","dislike ",NA
"600","disorder ",NA
"601","doch ",NA
"602","doesn't ",NA
"603","dog ",NA
"604","dog. ",NA
"605","doktor ",NA
"606","doktor, ",NA
"607","doktor. ",NA
"608","dolmetscher ",NA
"609","don't ",NA
"610","doppel ",NA
"611","doppel. ",NA
"612","doppeln, ",NA
"613","dorf, ",NA
"614","dorf. ",NA
"615","dors, ",NA
"616","dors! ",NA
"617","dort ",NA
"618","dorthin ",NA
"619","döselte. ",NA
"620","dösen, ",NA
"621","dösiger ",NA
"622","dran. ",NA
"623","drängte ",NA
"624","draus ",NA
"625","draußen ",NA
"626","draußen, ",NA
"627","drehtest ",NA
"628","dreieinhalb ",NA
"629","dreimal ",NA
"630","drin ",NA
"631","drive ",NA
"632","drüber. ",NA
"633","druck ",NA
"634","drunter ",NA
"635","dt. ",NA
"636","du ",NA
"637","du, ",NA
"638","dumpfes ",NA
"639","düne ",NA
"640","dunkel), ",NA
"641","dunkeldeutsch ",NA
"642","dunklen ",NA
"643","dünne ",NA
"644","durch ",NA
"645","durchbrechung ",NA
"646","durchbruchsgurren, ",NA
"647","durchfressen. ",NA
"648","durchlassen, ",NA
"649","durchlässig, ",NA
"650","durchliefen. ",NA
"651","durchstoßen ",NA
"652","durchweicht, ",NA
"653","dürfen ",NA
"654","durst, ",NA
"655","durst. ",NA
"656","DVAsyl ",NA
"657","eben ",NA
"658","echo. ",NA
"659","eckzähne, ",NA
"660","egal, ",NA
"661","egale ",NA
"662","ehe ",NA
"663","ehe, ",NA
"664","eher ",NA
"665","eiförmige ",NA
"666","eigen ",NA
"667","eigenen ",NA
"668","eigenhändig ",NA
"669","eigenschaftswörter, ",NA
"670","eignes ",NA
"671","ein ",NA
"672","ein 
",NA
"673","ein, ",NA
"674","ein.",NA
"675","einander ",NA
"676","eine ",NA
"677","eine 
",NA
"678","einem ",NA
"679","einen ",NA
"680","einer ",NA
"681","einer 
",NA
"682","einer, ",NA
"683","eines ",NA
"684","einfällt, ",NA
"685","eingerollt, ",NA
"686","eingesperrt, ",NA
"687","einheimsen, ",NA
"688","einklang ",NA
"689","einladende ",NA
"690","einreißen ",NA
"691","einsträuchert ",NA
"692","einzeln ",NA
"693","einzeln, ",NA
"694","elterliches ",NA
"695","eltern ",NA
"696","empfang. ",NA
"697","empfundene ",NA
"698","end ",NA
"699","ende ",NA
"700","ende 
",NA
"701","endet ",NA
"702","endlich ",NA
"703","eng ",NA
"704","englisch ",NA
"705","englischen ",NA
"706","entfachen, ",NA
"707","entfernung, ",NA
"708","entgrenzende ",NA
"709","entkernung ",NA
"710","entlocken, ",NA
"711","entscheiden: ",NA
"712","entsprechend: ,,für ",NA
"713","entstehen ",NA
"714","entwicklung ",NA
"715","er ",NA
"716","er 
",NA
"717","erdachsengerade. ",NA
"718","erde ",NA
"719","erde! ",NA
"720","erhielten. ",NA
"721","erinnere 
",NA
"722","erkannten ",NA
"723","erkennungsdienstlich. ",NA
"724","erlagen, ",NA
"725","errichteten ",NA
"726","erst ",NA
"727","erste ",NA
"728","erstem ",NA
"729","ersten ",NA
"730","ertappt ",NA
"731","erwarf",NA
"732","erwischt, ",NA
"733","erzählt 
",NA
"734","erzeugen, ",NA
"735","es",NA
"736","es ",NA
"737","es 
",NA
"738","es, ",NA
"739","esel, ",NA
"740","esse ",NA
"741","essen, ",NA
"742","estland ",NA
"743","etc. 
",NA
"744","ethnischen ",NA
"745","etwa ",NA
"746","europa ",NA
"747","evening 
",NA
"748","ewig ",NA
"749","example, 
",NA
"750","excuse-",NA
"751","excusemoi, ",NA
"752","exist, ",NA
"753","existenz ",NA
"754","existenz. ",NA
"755","existieren, ",NA
"756","experience ",NA
"757","explosionen, ",NA
"758","extent ",NA
"759","eye ",NA
"760","eyelet 
",NA
"761","face ",NA
"762","face 
",NA
"763","fach ",NA
"764","facher! 
",NA
"765","fächergaben, ",NA
"766","fächern, ",NA
"767","fact ",NA
"768","faden
",NA
"769","faden ",NA
"770","fäden ",NA
"771","faden 
",NA
"772","fahnden. ",NA
"773","fahnen ",NA
"774","fahren ",NA
"775","fala ",NA
"776","fälle ",NA
"777","fallen ",NA
"778","falls ",NA
"779","falsch, ",NA
"780","falta ",NA
"781","faltbrigaden ",NA
"782","falten ",NA
"783","falten, ",NA
"784","faltenwürfe, ",NA
"785","falterhaft, ",NA
"786","falterndes ",NA
"787","falz. ",NA
"788","family ",NA
"789","fand ",NA
"790","fänden ",NA
"791","fang. ",NA
"792","fängt ",NA
"793","fängt 
",NA
"794","fantom ",NA
"795","färbe ",NA
"796","farbpaletten, ",NA
"797","fassenden ",NA
"798","fassliche ",NA
"799","fast ",NA
"800","fate ",NA
"801","februar. ",NA
"802","feder ",NA
"803","federling, ",NA
"804","fehlen ",NA
"805","fehlentwürfe, ",NA
"806","fehlt ",NA
"807","fehlt. ",NA
"808","feigen ",NA
"809","feine ",NA
"810","feld? ",NA
"811","fell ",NA
"812","fenster ",NA
"813","fenster, ",NA
"814","fensterladen ",NA
"815","feriendings, ",NA
"816","fern ",NA
"817","fern, ",NA
"818","fern. ",NA
"819","ferne, ",NA
"820","ferner ",NA
"821","fertig 
",NA
"822","fest, ",NA
"823","fest.",NA
"824","fest. ",NA
"825","festländer ",NA
"826","fetzen ",NA
"827","feuchte ",NA
"828","feuer ",NA
"829","few ",NA
"830","fichten ",NA
"831","fichts ",NA
"832","fiel ",NA
"833","figuren ",NA
"834","finde ",NA
"835","findung ",NA
"836","finger ",NA
"837","fingerhut ",NA
"838","fingern ",NA
"839","fingerspitzenalarm! ",NA
"840","firn, ",NA
"841","fisch ",NA
"842","fische, 
",NA
"843","fischersspunden ",NA
"844","fischfrau ",NA
"845","fish, ",NA
"846","fläche ",NA
"847","flachen ",NA
"848","flame)",NA
"849","flecht- ",NA
"850","fleisch ",NA
"851","fleur! ",NA
"852","fleur! 
",NA
"853","fliegen, ",NA
"854","floralen ",NA
"855","floriert, ",NA
"856","flower ",NA
"857","fluffen ",NA
"858","flufft ",NA
"859","flügel, ",NA
"860","flur ",NA
"861","flur, ",NA
"862","fluss, ",NA
"863","fluss? ",NA
"864","flüstern ",NA
"865","fluten, ",NA
"866","flutschende ",NA
"867","folge ",NA
"868","folgt ",NA
"869","folgt."" 
",NA
"870","folie ",NA
"871","folly, ",NA
"872","for ",NA
"873","fordere ",NA
"874","fördern. ",NA
"875","form ",NA
"876","formen ",NA
"877","formenschiff ",NA
"878","förmige ",NA
"879","forst ",NA
"880","fort, ",NA
"881","fort? ",NA
"882","fracht ",NA
"883","frag ",NA
"884","fragen ",NA
"885","fragen, ",NA
"886","fragile ",NA
"887","fragt: ",NA
"888","frankreich ",NA
"889","fransige ",NA
"890","französisch ",NA
"891","frau, ",NA
"892","frauen ",NA
"893","frecherchen! ",NA
"894","frei ",NA
"895","frei.gang ",NA
"896","freigang 
",NA
"897","freisprechanlage",NA
"898","fremde ",NA
"899","fremden 
",NA
"900","fremdes ",NA
"901","fremdheit ",NA
"902","french ",NA
"903","freud ",NA
"904","freuen."" ",NA
"905","friare 
",NA
"906","friese ",NA
"907","frischen ",NA
"908","frohlockende ",NA
"909","froschkehlen, ",NA
"910","froschsang ",NA
"911","froschtrack ",NA
"912","frost: ",NA
"913","früh ",NA
"914","frühen ",NA
"915","früher ",NA
"916","frühling ",NA
"917","fuhr ",NA
"918","führen, ",NA
"919","führn ",NA
"920","führten, ",NA
"921","führung, ",NA
"922","füllt ",NA
"923","fünf ",NA
"924","für ",NA
"925","für, ",NA
"926","fürwaswörter. ",NA
"927","fürwörter, ",NA
"928","fusselig. ",NA
"929","füßen: ",NA
"930","futtersprache, ",NA
"931","fütterte. ",NA
"932","fütterung ",NA
"933","gab ",NA
"934","gabeln ",NA
"935","gallertartiges. ",NA
"936","gänge, ",NA
"937","gänsen ",NA
"938","gänsen 
",NA
"939","ganz ",NA
"940","ganzer ",NA
"941","gap ",NA
"942","gar ",NA
"943","gardemanger ",NA
"944","garden ",NA
"945","garderobe ",NA
"946","garne ",NA
"947","garnier ",NA
"948","garten ",NA
"949","gastwartend, ",NA
"950","gaumen ",NA
"951","gaumen, ",NA
"952","gebabelt, ",NA
"953","gebannt",NA
"954","gebe ",NA
"955","gebeugt. ",NA
"956","gebildet, ",NA
"957","gebildete 
",NA
"958","gebinden ",NA
"959","geboren. ",NA
"960","geborgen, ",NA
"961","geborgte ",NA
"962","gebrochen 
",NA
"963","gebubbelt, ",NA
"964","gedacht, ",NA
"965","gedacht: ",NA
"966","gedanke ",NA
"967","gedanke, ",NA
"968","gedankenschneisen. ",NA
"969","gedenken ",NA
"970","gedenkt ",NA
"971","gedicht, ",NA
"972","gedichts ",NA
"973","gedieht ",NA
"974","gedieht, ",NA
"975","gedrückt",NA
"976","gefangt, ",NA
"977","gefühl ",NA
"978","gefühlt ",NA
"979","geführt ",NA
"980","gegellt ",NA
"981","gegen ",NA
"982","gegenden ",NA
"983","gegenden, ",NA
"984","gegensatz 
",NA
"985","gegenteil ",NA
"986","gegenüber ",NA
"987","gegenüberkopf ",NA
"988","gegolten, ",NA
"989","geh ",NA
"990","gehabt. ",NA
"991","gehäkeltes ",NA
"992","gehalten 
",NA
"993","gehalten, ",NA
"994","gehauchtes ",NA
"995","gehege, ",NA
"996","geheimen ",NA
"997","gehen, ",NA
"998","gehen: ",NA
"999","gehn 
",NA
"1000","gehn, ",NA
"1001","geholfen ",NA
"1002","gehört 
",NA
"1003","gehört) 
",NA
"1004","gehts ",NA
"1005","geistige ",NA
"1006","gekleidet, ",NA
"1007","gekoppelt? ",NA
"1008","gelassen, ",NA
"1009","gelben ",NA
"1010","gelblicher ",NA
"1011","geleerten ",NA
"1012","gelegte ",NA
"1013","gelegten ",NA
"1014","gelerntes ",NA
"1015","gelesen ",NA
"1016","gelüpften ",NA
"1017","gemacht. ",NA
"1018","gemacht) 
",NA
"1019","gemeinsam ",NA
"1020","gemeinsame ",NA
"1021","gemeint ",NA
"1022","gemeinwesen ",NA
"1023","gemoppeltes ",NA
"1024","genau ",NA
"1025","genaue ",NA
"1026","generalisierung: ",NA
"1027","generally. ",NA
"1028","genug ",NA
"1029","genug: 
",NA
"1030","genug. ",NA
"1031","genuss. ",NA
"1032","geöffnet, ",NA
"1033","gepflückten ",NA
"1034","gepflückter ",NA
"1035","geplagt, ",NA
"1036","gepresst, ",NA
"1037","gequakten, ",NA
"1038","geräusch ",NA
"1039","gericht: ",NA
"1040","gering ",NA
"1041","german ",NA
"1042","gerne ",NA
"1043","gerührt. ",NA
"1044","gerüstbauern, ",NA
"1045","gerüstnik, ",NA
"1046","gesagt. ",NA
"1047","gesankt, ",NA
"1048","geschäft, ",NA
"1049","geschlechtswörter, ",NA
"1050","geschmeidig, ",NA
"1051","geschnitzte ",NA
"1052","geschnürt ",NA
"1053","geschrieben, ",NA
"1054","geschult: ",NA
"1055","gesehen, ",NA
"1056","gesehen. ",NA
"1057","gesicht, ",NA
"1058","gesicht. ",NA
"1059","gesichter, ",NA
"1060","gesichtsblindheit ",NA
"1061","gesichtsfeldeinengung! ",NA
"1062","gesottnes ",NA
"1063","gespenster ",NA
"1064","gespielt. ",NA
"1065","gespinst 
",NA
"1066","gespräch ",NA
"1067","gesprächen, ",NA
"1068","gesprächspflücking, ",NA
"1069","gestaltet ",NA
"1070","gestellt. ",NA
"1071","gestörte ",NA
"1072","gestrandet ",NA
"1073","gestundete ",NA
"1074","geteiltes ",NA
"1075","getragen ",NA
"1076","getragene ",NA
"1077","getroffen,",NA
"1078","getrunken, ",NA
"1079","getupft",NA
"1080","getupfter ",NA
"1081","gewebe ",NA
"1082","geweben ",NA
"1083","geweißt, ",NA
"1084","gewichtigen ",NA
"1085","gewissen ",NA
"1086","gewissheit, ",NA
"1087","gewittert. ",NA
"1088","gewusste ",NA
"1089","gewusste, ",NA
"1090","gezeitenwechsel ",NA
"1091","gezupftes ",NA
"1092","gib, 
",NA
"1093","gibt ",NA
"1094","gibts, ",NA
"1095","ging ",NA
"1096","ging, ",NA
"1097","girl 
",NA
"1098","gischt ",NA
"1099","gitterstäbe, ",NA
"1100","give, ",NA
"1101","glänzen, ",NA
"1102","glänzender ",NA
"1103","gläser, ",NA
"1104","glattgestrichen ",NA
"1105","glaubt ",NA
"1106","gleiche ",NA
"1107","gleiches ",NA
"1108","gleichzeitiger ",NA
"1109","gleiten ",NA
"1110","glider ",NA
"1111","glimmern ",NA
"1112","Glücksfall 
",NA
"1113","go ",NA
"1114","goes ",NA
"1115","going ",NA
"1116","good ",NA
"1117","gossamer ",NA
"1118","gossip ",NA
"1119","gossiped ",NA
"1120","grammatik, ",NA
"1121","grand ",NA
"1122","gras. ",NA
"1123","green ",NA
"1124","greisen 
",NA
"1125","grenzen ",NA
"1126","grenzermund? ",NA
"1127","grenzkompetenzlern ",NA
"1128","grenzsicht. ",NA
"1129","griffel ",NA
"1130","Grimmsches ",NA
"1131","grinsen ",NA
"1132","grinsen, ",NA
"1133","groß 
",NA
"1134","groß, ",NA
"1135","großblättrigen ",NA
"1136","große ",NA
"1137","großen ",NA
"1138","größer ",NA
"1139","größere ",NA
"1140","größeren ",NA
"1141","grund.",NA
"1142","gründe ",NA
"1143","grunde, ",NA
"1144","gründe, ",NA
"1145","gründen ",NA
"1146","grüne ",NA
"1147","gruppe ",NA
"1148","gums), ",NA
"1149","gut, ",NA
"1150","gut."" 
",NA
"1151","gute ",NA
"1152","H,imigen ",NA
"1153","h. ",NA
"1154","haare ",NA
"1155","haaren, ",NA
"1156","hab ",NA
"1157","habch 
",NA
"1158","habe ",NA
"1159","haben ",NA
"1160","haben 
",NA
"1161","haben, ",NA
"1162","haben. ",NA
"1163","hafen ",NA
"1164","haifa, ",NA
"1165","häkellichter, ",NA
"1166","halb ",NA
"1167","half ",NA
"1168","hallo, ",NA
"1169","halstücher, ",NA
"1170","hält ",NA
"1171","halt, ",NA
"1172","hält? ",NA
"1173","hält.",NA
"1174","halten ",NA
"1175","haltest ",NA
"1176","haltestelle. ",NA
"1177","hämmern, ",NA
"1178","hand ",NA
"1179","hand, ",NA
"1180","handapparat ",NA
"1181","hände ",NA
"1182","händen, ",NA
"1183","handschuhschnüren.",NA
"1184","hang ",NA
"1185","hängten, ",NA
"1186","hart ",NA
"1187","has ",NA
"1188","has 
",NA
"1189","hat ",NA
"1190","hat, ",NA
"1191","hat. ",NA
"1192","hatte ",NA
"1193","hätte ",NA
"1194","hatten ",NA
"1195","hatten, ",NA
"1196","häubchen, ",NA
"1197","häubte ",NA
"1198","hauch. ",NA
"1199","häufig, ",NA
"1200","hauptbarde ",NA
"1201","hauptgang ",NA
"1202","hauptort ",NA
"1203","haus, ",NA
"1204","hause ",NA
"1205","haut, ",NA
"1206","haut! ",NA
"1207","häutig, ",NA
"1208","have ",NA
"1209","he ",NA
"1210","he, ",NA
"1211","heben ",NA
"1212","heben, ",NA
"1213","hechelzentrum ",NA
"1214","hecke ",NA
"1215","hecken ",NA
"1216","hef ",NA
"1217","heft, ",NA
"1218","heim. ",NA
"1219","Heimatland ",NA
"1220","heimatländer ",NA
"1221","heimis ",NA
"1222","heimischer ",NA
"1223","heimliche ",NA
"1224","heimliche 
",NA
"1225","heimliches ",NA
"1226","heimweh ",NA
"1227","heiratsscheine, ",NA
"1228","heißt ",NA
"1229","heißt 
",NA
"1230","heißt, ",NA
"1231","heißt: ",NA
"1232","hellen ",NA
"1233","heller ",NA
"1234","her ",NA
"1235","her 
",NA
"1236","her, ",NA
"1237","her. ",NA
"1238","heran, ",NA
"1239","herfallen, ",NA
"1240","hergetragen ",NA
"1241","herkunft ",NA
"1242","herrschte ",NA
"1243","herum ",NA
"1244","herumkauen ",NA
"1245","heute ",NA
"1246","hführungszeichen,",NA
"1247","hielt, ",NA
"1248","hielte ",NA
"1249","hier ",NA
"1250","hier, ",NA
"1251","hier. ",NA
"1252","hieß ",NA
"1253","hin ",NA
"1254","hin: ",NA
"1255","hinein ",NA
"1256","hinein, ",NA
"1257","hineinfiel ",NA
"1258","hinsichtlich ",NA
"1259","hinten ",NA
"1260","hinter ",NA
"1261","hintergrund. ",NA
"1262","hinterland ",NA
"1263","hinterlassende ",NA
"1264","hinterlässt, ",NA
"1265","hinterm ",NA
"1266","hinüberschaute, ",NA
"1267","hinzu, ",NA
"1268","hirn ",NA
"1269","hisse: ",NA
"1270","hoch, ",NA
"1271","hochblätter, ",NA
"1272","höchstens ",NA
"1273","hohen ",NA
"1274","hoher ",NA
"1275","hol ",NA
"1276","holes ",NA
"1277","holz 
",NA
"1278","holz. 
",NA
"1279","home",NA
"1280","hoppelten ",NA
"1281","hoppla, ",NA
"1282","höre ",NA
"1283","höre: ",NA
"1284","höre. ",NA
"1285","hört ",NA
"1286","hren ",NA
"1287","hten, ",NA
"1288","huckelt ",NA
"1289","hüftblassen, ",NA
"1290","hund ",NA
"1291","hunde, ",NA
"1292","hundefreund? ",NA
"1293","hundezunge, ",NA
"1294","hundezunge. ",NA
"1295","hunger ",NA
"1296","hungerstreik. ",NA
"1297","hungrige ",NA
"1298","hüpfen 
",NA
"1299","husse, ",NA
"1300","husten, ",NA
"1301","hut. ",NA
"1302","i ",NA
"1303","I ",NA
"1304","i, ",NA
"1305","i(• ",NA
"1306","ich ",NA
"1307","ich 
",NA
"1308","ich, ",NA
"1309","ich: ",NA
"1310","ich? ",NA
"1311","icht ",NA
"1312","idee ",NA
"1313","identischen ",NA
"1314","identität ",NA
"1315","ie ",NA
"1316","if ",NA
"1317","ihn ",NA
"1318","ihr ",NA
"1319","ihr, ",NA
"1320","ihr? ",NA
"1321","ihre ",NA
"1322","ihrem ",NA
"1323","ihren ",NA
"1324","ihrer ",NA
"1325","im ",NA
"1326","im 
",NA
"1327","im! ",NA
"1328","immer ",NA
"1329","immerhin ",NA
"1330","in ",NA
"1331","in.",NA
"1332","in. ",NA
"1333","indielufthauen, ",NA
"1334","indogermanischen ",NA
"1335","ineinander ",NA
"1336","innen ",NA
"1337","inneres ",NA
"1338","ins ",NA
"1339","ins 
",NA
"1340","inscriptions ",NA
"1341","insel ",NA
"1342","insel, ",NA
"1343","Insel, ",NA
"1344","inseln, ",NA
"1345","interessanterweise ",NA
"1346","into ",NA
"1347","inventar, ",NA
"1348","irgendwas ",NA
"1349","irgendwie ",NA
"1350","irisierende ",NA
"1351","irre ",NA
"1352","irritierend ",NA
"1353","irritierende ",NA
"1354","is ",NA
"1355","isch ",NA
"1356","isst, ",NA
"1357","ist ",NA
"1358","ist, ",NA
"1359","it ",NA
"1360","it's ",NA
"1361","ja ",NA
"1362","ja, ",NA
"1363","ja: ",NA
"1364","jaffa, ",NA
"1365","jagen ",NA
"1366","jahre ",NA
"1367","jahrelang ",NA
"1368","jahren ",NA
"1369","jahren 
",NA
"1370","jahres, ",NA
"1371","jakobson, ",NA
"1372","jauchzen ",NA
"1373","je ",NA
"1374","jede ",NA
"1375","jede ,naß ",NA
"1376","jede, ",NA
"1377","jedem 
",NA
"1378","jeden ",NA
"1379","jedenfalls ",NA
"1380","jedes ",NA
"1381","jemand ",NA
"1382","jetzt ",NA
"1383","jetzt, ",NA
"1384","jetzt) ",NA
"1385","juckt ",NA
"1386","juckte ",NA
"1387","juckte, ",NA
"1388","jugend! ",NA
"1389","jungen ",NA
"1390","jungend ",NA
"1391","just ",NA
"1392","k-",NA
"1393","kaffee ",NA
"1394","kairo, ",NA
"1395","kalk. ",NA
"1396","kalt ",NA
"1397","kalt, ",NA
"1398","kalte ",NA
"1399","kaltes ",NA
"1400","kam ",NA
"1401","käm ",NA
"1402","kam, ",NA
"1403","Kamel ",NA
"1404","kamen ",NA
"1405","kann ",NA
"1406","kann, ",NA
"1407","kannst, ",NA
"1408","kannten ",NA
"1409","kanzlerin, ",NA
"1410","kapernnest? ",NA
"1411","kapier ",NA
"1412","karren ",NA
"1413","karrte, ",NA
"1414","karte ",NA
"1415","karten? ",NA
"1416","kartenspiel ",NA
"1417","kassetten ",NA
"1418","kauend, ",NA
"1419","kaum ",NA
"1420","keeps ",NA
"1421","kein ",NA
"1422","keine ",NA
"1423","keinem ",NA
"1424","keinen ",NA
"1425","keiner ",NA
"1426","keins, ",NA
"1427","keks ",NA
"1428","kelle, ",NA
"1429","keller ",NA
"1430","kenne, ",NA
"1431","kennt ",NA
"1432","kennt, ",NA
"1433","kern ",NA
"1434","kerngrammatik, ",NA
"1435","kernnähe ",NA
"1436","kerze ",NA
"1437","kerzen 
",NA
"1438","kiefergarten ",NA
"1439","kiefern ",NA
"1440","kiefern, ",NA
"1441","kiesel ",NA
"1442","kind ",NA
"1443","kind, ",NA
"1444","kinder ",NA
"1445","kindermund: ",NA
"1446","kindersprache, ",NA
"1447","kinderwagens, ",NA
"1448","kindes ",NA
"1449","kindhaben ",NA
"1450","kindheit ",NA
"1451","kindliche ",NA
"1452","kindlichen ",NA
"1453","kinn",NA
"1454","kissen ",NA
"1455","kissen. ",NA
"1456","kl. ",NA
"1457","kl. 
",NA
"1458","klackert ",NA
"1459","klafft ",NA
"1460","klamm ",NA
"1461","klamotten, ",NA
"1462","klang, ",NA
"1463","klappen, ",NA
"1464","klassen ",NA
"1465","klaviere! ",NA
"1466","klebrigen ",NA
"1467","klee, ",NA
"1468","kleid 
",NA
"1469","klein, ",NA
"1470","kleine ",NA
"1471","kleine, ",NA
"1472","kleinen ",NA
"1473","kleiner ",NA
"1474","kleiner, ",NA
"1475","kleines ",NA
"1476","klinge ",NA
"1477","klingt, ",NA
"1478","klobige ",NA
"1479","knarzigem ",NA
"1480","knarzte, ",NA
"1481","knie, ",NA
"1482","knie. ",NA
"1483","kniffe, ",NA
"1484","knistern, ",NA
"1485","knöpfe ",NA
"1486","knoten ",NA
"1487","knoten, ",NA
"1488","knötgen 
",NA
"1489","know : 
",NA
"1490","knows. ",NA
"1491","knüpffen 
",NA
"1492","knüpft ",NA
"1493","koffer ",NA
"1494","kokolores",NA
"1495","kolonne ",NA
"1496","kolonnenleiter, ",NA
"1497","komitee, ",NA
"1498","kommen ",NA
"1499","kommen, ",NA
"1500","kommendem, ",NA
"1501","kommendes ",NA
"1502","kommendes, ",NA
"1503","kommt ",NA
"1504","kommt, ",NA
"1505","kommunizieren, ",NA
"1506","kompakt, ",NA
"1507","kompass. ",NA
"1508","komplott 
",NA
"1509","könig ",NA
"1510","königin ",NA
"1511","königs: ",NA
"1512","können ",NA
"1513","konnotation, ",NA
"1514","könnte ",NA
"1515","könnten ",NA
"1516","konnten, ",NA
"1517","konstantinopel, ",NA
"1518","konversation 
",NA
"1519","konversion 
",NA
"1520","konzept ",NA
"1521","kopf ",NA
"1522","kopf, ",NA
"1523","kopf. ",NA
"1524","köpfchen ",NA
"1525","köpfe ",NA
"1526","kopflose ",NA
"1527","kopfsteinpflaster ",NA
"1528","kopier ",NA
"1529","koppelbrüder ",NA
"1530","koppelzwilling, ",NA
"1531","koppelzwillings. ",NA
"1532","körbe, ",NA
"1533","körbe: ",NA
"1534","korn ",NA
"1535","körner, ",NA
"1536","körper ",NA
"1537","körper, ",NA
"1538","körperatem, ",NA
"1539","kost ",NA
"1540","kostüm, ",NA
"1541","kräftigen ",NA
"1542","krähen, ",NA
"1543","kran, ",NA
"1544","kräne ",NA
"1545","kreide ",NA
"1546","kreisrunden ",NA
"1547","kreisstadt, ",NA
"1548","kreiste, ",NA
"1549","kreiste"" 
",NA
"1550","kressekästchen ",NA
"1551","kreuze ",NA
"1552","kreuzung ",NA
"1553","kreuzung? 
",NA
"1554","kreuzzehn. ",NA
"1555","krieg ",NA
"1556","kriterien ",NA
"1557","krumen. ",NA
"1558","krummen ",NA
"1559","krümmen, ",NA
"1560","küchen. ",NA
"1561","kugeln ",NA
"1562","kugelsturm, ",NA
"1563","kühl ",NA
"1564","kuhle, ",NA
"1565","kühler? ",NA
"1566","kühner ",NA
"1567","kühneres ",NA
"1568","kummersieb ",NA
"1569","künste, ",NA
"1570","kuppe ",NA
"1571","kurt ",NA
"1572","kurz ",NA
"1573","kurze ",NA
"1574","kurzem ",NA
"1575","küsten ",NA
"1576","küstendüne ",NA
"1577","küstenwärter ",NA
"1578","l ",NA
"1579","L ",NA
"1580","l6. ",NA
"1581","lace ",NA
"1582","lace 
",NA
"1583","lack ",NA
"1584","lacking. ",NA
"1585","lag ",NA
"1586","lage ",NA
"1587","lage, ",NA
"1588","lage. ",NA
"1589","lagen ",NA
"1590","lagen, ",NA
"1591","lahm ",NA
"1592","lähmung, ",NA
"1593","lallen, ",NA
"1594","lallphase, ",NA
"1595","lampen ",NA
"1596","land ",NA
"1597","land, ",NA
"1598","landarten 
",NA
"1599","landen ",NA
"1600","länder ",NA
"1601","landstrich"". ",NA
"1602","lang ",NA
"1603","lange ",NA
"1604","langhin ",NA
"1605","lanzettlicher ",NA
"1606","lassen ",NA
"1607","lassen, ",NA
"1608","lassen. ",NA
"1609","lässt ",NA
"1610","lasten ",NA
"1611","lasten, ",NA
"1612","laster ",NA
"1613","lateinisch ",NA
"1614","laterne ",NA
"1615","lauf ",NA
"1616","lauf, ",NA
"1617","lauschen ",NA
"1618","lauschte, ",NA
"1619","laut 
",NA
"1620","lautackerchen ",NA
"1621","lautbauen ",NA
"1622","lautbaustörung ",NA
"1623","lautbestandes ",NA
"1624","laute ",NA
"1625","laute, ",NA
"1626","lauten, ",NA
"1627","lauter ",NA
"1628","lauteres ",NA
"1629","lautet ",NA
"1630","läutete ",NA
"1631","lautkette, ",NA
"1632","lautlichen ",NA
"1633","lautwechsel ",NA
"1634","ld ",NA
"1635","least ",NA
"1636","lebensmittelpunkt. ",NA
"1637","lebenszweck ",NA
"1638","leer, ",NA
"1639","leere ",NA
"1640","leere. ",NA
"1641","lege ",NA
"1642","legen ",NA
"1643","legen, ",NA
"1644","lehre. ",NA
"1645","leicht ",NA
"1646","leichtere ",NA
"1647","leichtfuß, ",NA
"1648","leiden ",NA
"1649","leiden 
",NA
"1650","leiser ",NA
"1651","leiseren 
",NA
"1652","leit ",NA
"1653","lemberg, ",NA
"1654","lengevitch ",NA
"1655","lengevitch, ",NA
"1656","lerne, ",NA
"1657","lernen, ",NA
"1658","Lerrine. ",NA
"1659","lesamt, ",NA
"1660","lets ",NA
"1661","letztem ",NA
"1662","letzten ",NA
"1663","Leuchten",NA
"1664","leuchten. ",NA
"1665","leuchtend, ",NA
"1666","leuchtende ",NA
"1667","leuchtet ",NA
"1668","leute ",NA
"1669","lexik, ",NA
"1670","licht 
",NA
"1671","licht. ",NA
"1672","lichtwerk, ",NA
"1673","lid, 
",NA
"1674","liebe ",NA
"1675","liebkosten, ",NA
"1676","lieder ",NA
"1677","liefen ",NA
"1678","liefert ",NA
"1679","lieferte, ",NA
"1680","lieg ",NA
"1681","liegen ",NA
"1682","liegen, ",NA
"1683","liegt ",NA
"1684","liegt, ",NA
"1685","ließ ",NA
"1686","ließ, ",NA
"1687","liest ",NA
"1688","like ",NA
"1689","linen ",NA
"1690","linien, ",NA
"1691","lining ",NA
"1692","links ",NA
"1693","links? ",NA
"1694","lippen, ",NA
"1695","listen, ",NA
"1696","littlegitter, ",NA
"1697","loch 
",NA
"1698","löcher ",NA
"1699","löcher 
",NA
"1700","long ",NA
"1701","look ",NA
"1702","looking ",NA
"1703","looping ",NA
"1704","loosen ",NA
"1705","los. ",NA
"1706","löschblatt ",NA
"1707","lose ",NA
"1708","lösen ",NA
"1709","losen 
",NA
"1710","lu ",NA
"1711","lu-",NA
"1712","lücke ",NA
"1713","lücken, ",NA
"1714","luft ",NA
"1715","luft, ",NA
"1716","luftblasensprache, ",NA
"1717","lüften ",NA
"1718","luld ",NA
"1719","lurken, ",NA
"1720","m ",NA
"1721","mach ",NA
"1722","machen ",NA
"1723","machen, ",NA
"1724","macht ",NA
"1725","machte ",NA
"1726","machte, ",NA
"1727","mädchen ",NA
"1728","mädchen, ",NA
"1729","made ",NA
"1730","make ",NA
"1731","making ",NA
"1732","mal ",NA
"1733","mal 
",NA
"1734","mal? ",NA
"1735","mal? 
",NA
"1736","mal.",NA
"1737","malheur. ",NA
"1738","man ",NA
"1739","man, ",NA
"1740","man. ",NA
"1741","manche ",NA
"1742","manchen ",NA
"1743","manches, ",NA
"1744","manchmal ",NA
"1745","mangel, ",NA
"1746","mann. ",NA
"1747","mantels ",NA
"1748","mäppchen ",NA
"1749","mäppchen? ",NA
"1750","märchen, ",NA
"1751","märchen) ",NA
"1752","mariniert: ",NA
"1753","marktplatz ",NA
"1754","märz, ",NA
"1755","märzlese: ",NA
"1756","märzsonne. ",NA
"1757","mästen, ",NA
"1758","material, ",NA
"1759","mauern, ",NA
"1760","maul, ",NA
"1761","mäusezähnen ",NA
"1762","me ",NA
"1763","mean ",NA
"1764","means ",NA
"1765","meer ",NA
"1766","meer 
",NA
"1767","meer, ",NA
"1768","mehr ",NA
"1769","mehr. ",NA
"1770","mehrsprachig ",NA
"1771","mehrspuriges ",NA
"1772","mehrzimmeretage, ",NA
"1773","mein ",NA
"1774","meine ",NA
"1775","meinem ",NA
"1776","meinen ",NA
"1777","meiner ",NA
"1778","meinliche ",NA
"1779","meint ",NA
"1780","menschen, ",NA
"1781","menschenblüte ",NA
"1782","merely ",NA
"1783","merkwürdiges ",NA
"1784","mesmer ",NA
"1785","mich ",NA
"1786","milchbahnen ",NA
"1787","milchiger ",NA
"1788","milchmolarklee, ",NA
"1789","milchwangig, ",NA
"1790","mildern 
",NA
"1791","milz ",NA
"1792","mind ",NA
"1793","mingeln, ",NA
"1794","mir ",NA
"1795","mir, ",NA
"1796","mischung ",NA
"1797","mit ",NA
"1798","mit 
",NA
"1799","mit, ",NA
"1800","miteinander ",NA
"1801","mitführen 
",NA
"1802","mittag, ",NA
"1803","mitte ",NA
"1804","mittendrin ",NA
"1805","mittens. ",NA
"1806","mn.* 
",NA
"1807","mnrkenware"", ",NA
"1808","mobiles ",NA
"1809","möglich ",NA
"1810","möglich. ",NA
"1811","moi, ",NA
"1812","molare, ",NA
"1813","moosweiches ",NA
"1814","more ",NA
"1815","more. ",NA
"1816","morgen ",NA
"1817","morgen, ",NA
"1818","morgens, ",NA
"1819","morphende ",NA
"1820","morphoformen ",NA
"1821","movable ",NA
"1822","moving ",NA
"1823","mr. ",NA
"1824","mrs. ",NA
"1825","mücke ",NA
"1826","müder 
",NA
"1827","müdes ",NA
"1828","mühsames ",NA
"1829","multipli, ",NA
"1830","mund ",NA
"1831","mund- ",NA
"1832","mund, ",NA
"1833","mund. ",NA
"1834","mundart ",NA
"1835","munddach, ",NA
"1836","münder ",NA
"1837","mundhimmel ",NA
"1838","mündige 
",NA
"1839","mundstülpen ",NA
"1840","muscheln ",NA
"1841","muss ",NA
"1842","muss ...",NA
"1843","muss, ",NA
"1844","muss. ",NA
"1845","musst ",NA
"1846","muster ",NA
"1847","mustern ",NA
"1848","mutter, ",NA
"1849","müttern ",NA
"1850","muttersprach, ",NA
"1851","muttersprache ",NA
"1852","mützen ",NA
"1853","my ",NA
"1854","n ",NA
"1855","na ",NA
"1856","nach ",NA
"1857","nach? ",NA
"1858","nach), 
",NA
"1859","nachbarliche ",NA
"1860","nachmittag ",NA
"1861","nachricht, ",NA
"1862","nachrichten ",NA
"1863","nächsten ",NA
"1864","nacht, ",NA
"1865","nacht. ",NA
"1866","nachtneben, ",NA
"1867","nachts ",NA
"1868","nachts, ",NA
"1869","nachtsagen ",NA
"1870","nadel ",NA
"1871","nadeln ",NA
"1872","Nadelöhr?) 
",NA
"1873","nah ",NA
"1874","nähe ",NA
"1875","nähe, ",NA
"1876","näher ",NA
"1877","nahes ",NA
"1878","nähesprache ",NA
"1879","nahezu ",NA
"1880","nahm ",NA
"1881","Nahrung 
",NA
"1882","nahrung. ",NA
"1883","nähst ",NA
"1884","naht ",NA
"1885","name 
",NA
"1886","namely ",NA
"1887","namen ",NA
"1888","namenlosere ",NA
"1889","nämlich ",NA
"1890","nannte ",NA
"1891","närrchen.",NA
"1892","nase ",NA
"1893","nase, ",NA
"1894","nase. ",NA
"1895","nasse ",NA
"1896","nasses 
",NA
"1897","native ",NA
"1898","naturmagische ",NA
"1899","nbwesenheiten, ",NA
"1900","nd ",NA
"1901","nebel ",NA
"1902","nebelschwaden ",NA
"1903","nebelstränge ",NA
"1904","neben ",NA
"1905","nebenblätter, ",NA
"1906","nebendraußen, ",NA
"1907","nebenzimmer, ",NA
"1908","need ",NA
"1909","nehm ",NA
"1910","nehmen, ",NA
"1911","neigen ",NA
"1912","nein, ",NA
"1913","Nelly ",NA
"1914","nenne ",NA
"1915","nennen ",NA
"1916","nennsport, ",NA
"1917","nennt ",NA
"1918","nennt, ",NA
"1919","nervenenden ",NA
"1920","netz ",NA
"1921","netze ",NA
"1922","netzen ",NA
"1923","netzten ",NA
"1924","neue ",NA
"1925","neuguinea ",NA
"1926","ng ",NA
"1927","nice. ",NA
"1928","nicht ",NA
"1929","nicht 
",NA
"1930","nicht, ",NA
"1931","nicht: ",NA
"1932","nicht. ",NA
"1933","nicht) ",NA
"1934","nichts ",NA
"1935","nichts. ",NA
"1936","nichts."" ",NA
"1937","nie ",NA
"1938","niedergelegt, ",NA
"1939","niederkommen, ",NA
"1940","niederkunft ",NA
"1941","niemals ",NA
"1942","niemand ",NA
"1943","nimmt ",NA
"1944","nische, ",NA
"1945","nisten, ",NA
"1946","no ",NA
"1947","NO ",NA
"1948","noch ",NA
"1949","noch-",NA
"1950","noch, ",NA
"1951","noch. ",NA
"1952","non, ",NA
"1953","nostalgische ",NA
"1954","not ",NA
"1955","notation, ",NA
"1956","notieren: ",NA
"1957","notunterkunft, ",NA
"1958","nthielten ",NA
"1959","nu ",NA
"1960","nuckernder ",NA
"1961","nuf. ",NA
"1962","null ",NA
"1963","nummern ",NA
"1964","nur ",NA
"1965","nutzen. ",NA
"1966","o ",NA
"1967","o'clock ",NA
"1968","ob ",NA
"1969","oberen 
",NA
"1970","object)"" 
",NA
"1971","obwohl, ",NA
"1972","occhi 
",NA
"1973","occhifötzchen 
",NA
"1974","occhispitze ",NA
"1975","och ",NA
"1976","oder ",NA
"1977","oder 
",NA
"1978","of ",NA
"1979","offen ",NA
"1980","offen, ",NA
"1981","öffentlichen ",NA
"1982","öffnen ",NA
"1983","offnes ",NA
"1984","öffnung ",NA
"1985","oflärm 
",NA
"1986","oft ",NA
"1987","ofthings. ",NA
"1988","ofwhat. ",NA
"1989","oh ",NA
"1990","ohne ",NA
"1991","öhr 
",NA
"1992","ohr. ",NA
"1993","ohren ",NA
"1994","öhren 
",NA
"1995","ohrgespitzt, ",NA
"1996","old ",NA
"1997","olles ",NA
"1998","one",NA
"1999","one ",NA
"2000","or ",NA
"2001","orange ",NA
"2002","Orange ",NA
"2003","orangen",NA
"2004","orangen ",NA
"2005","orangen, ",NA
"2006","orangenpoetiqqqqq 
",NA
"2007","order",NA
"2008","ordnungen. ",NA
"2009","organ ",NA
"2010","organe, ",NA
"2011","organs, ",NA
"2012","organs. ",NA
"2013","orphans ",NA
"2014","örtlich. ",NA
"2015","Ösen ",NA
"2016","osterglocken, ",NA
"2017","östliches ",NA
"2018","other ",NA
"2019","otherweiß, ",NA
"2020","ouschn, ",NA
"2021","p. ",NA
"2022","paar ",NA
"2023","paarige ",NA
"2024","päckchen, ",NA
"2025","packte ",NA
"2026","pailletten ",NA
"2027","pakete, ",NA
"2028","palmenlücken ",NA
"2029","paperflowern: ",NA
"2030","papiere. ",NA
"2031","papiervorgänge. ",NA
"2032","papillen, ",NA
"2033","parat. ",NA
"2034","parks, ",NA
"2035","parole ",NA
"2036","part ",NA
"2037","parts 
",NA
"2038","passten, 
",NA
"2039","pattern ",NA
"2040","pause ",NA
"2041","periphere ",NA
"2042","permutiert, ",NA
"2043","person 
",NA
"2044","personal, ",NA
"2045","personen ",NA
"2046","pfeifen ",NA
"2047","pferdchen ",NA
"2048","pflanze ",NA
"2049","pflanze, ",NA
"2050","pflicht. ",NA
"2051","phantasieren, ",NA
"2052","phantomartiges ",NA
"2053","phase ",NA
"2054","philosophen. ",NA
"2055","picknickbrigaden, ",NA
"2056","picot ",NA
"2057","Pin, ",NA
"2058","pine ",NA
"2059","pinkle, ",NA
"2060","pinseln ",NA
"2061","pionierlager, ",NA
"2062","planen, ",NA
"2063","platten ",NA
"2064","platzt",NA
"2065","plaua ",NA
"2066","plosiven, ",NA
"2067","plötzlich ",NA
"2068","plötzlichen ",NA
"2069","poesie. ",NA
"2070","poison, ",NA
"2071","poisson, 
",NA
"2072","politisch, ",NA
"2073","polymorphholpern ",NA
"2074","pralle ",NA
"2075","principle ",NA
"2076","prison. ",NA
"2077","pro ",NA
"2078","probier ",NA
"2079","probten ",NA
"2080","projekt, ",NA
"2081","prozedur, ",NA
"2082","prrr ",NA
"2083","prrr 
",NA
"2084","psychopathologischen ",NA
"2085","puckerten ",NA
"2086","putzen, ",NA
"2087","quadranten, ",NA
"2088","quaken ",NA
"2089","quellen ",NA
"2090","querulanten, ",NA
"2091","r ",NA
"2092","r-",NA
"2093","racker, ",NA
"2094","rädchen ",NA
"2095","radiese ",NA
"2096","rage, ",NA
"2097","ragten ",NA
"2098","rahmen ",NA
"2099","rahmen, ",NA
"2100","ran, ",NA
"2101","ran. ",NA
"2102","rand ",NA
"2103","rand, ",NA
"2104","ränder ",NA
"2105","rändern ",NA
"2106","rändern, ",NA
"2107","rändlicher ",NA
"2108","range ",NA
"2109","rangieren ",NA
"2110","rangiermaterial. ",NA
"2111","rattern ",NA
"2112","rattled 
",NA
"2113","rau ",NA
"2114","raum, ",NA
"2115","räumen ",NA
"2116","raus ",NA
"2117","raus, ",NA
"2118","raus: ",NA
"2119","rechenzentrum, ",NA
"2120","recht ",NA
"2121","rechte ",NA
"2122","rechts ",NA
"2123","recke, ",NA
"2124","recogniziert. ",NA
"2125","recognizing ",NA
"2126","rede, ",NA
"2127","regalen, ",NA
"2128","regel ",NA
"2129","regen ",NA
"2130","regen, ",NA
"2131","regung. ",NA
"2132","reibefläche, ",NA
"2133","reichen ",NA
"2134","reichen. ",NA
"2135","reigen ",NA
"2136","reihenfolge ",NA
"2137","rein, ",NA
"2138","rein, ,,it ",NA
"2139","Reisen ",NA
"2140","reisen, ",NA
"2141","reiter ",NA
"2142","reiterahnung, ",NA
"2143","reiz 
",NA
"2144","relief) ",NA
"2145","reliefs 
",NA
"2146","remember. ",NA
"2147","repeat",NA
"2148","repeat, ",NA
"2149","repeating 
",NA
"2150","residenz. ",NA
"2151","residenzpflicht. ",NA
"2152","revolte: ",NA
"2153","ribbelt, ",NA
"2154","ribbit, ",NA
"2155","richtet ",NA
"2156","richtete ",NA
"2157","richtung ",NA
"2158","richtung, ",NA
"2159","riddle. ",NA
"2160","rideren ",NA
"2161","rief ",NA
"2162","riffel ",NA
"2163","rindermarkt. ",NA
"2164","ring ",NA
"2165","ringbildung 
",NA
"2166","ringding, ",NA
"2167","rippelnder ",NA
"2168","rippig, ",NA
"2169","rlc-",NA
"2170","rluzu., ",NA
"2171","rn ",NA
"2172","robbt, ",NA
"2173","rock.",NA
"2174","rollen, ",NA
"2175","rostigem ",NA
"2176","rote ",NA
"2177","roten ",NA
"2178","ruckelbrücke, ",NA
"2179","rücken ",NA
"2180","Rückkehr ",NA
"2181","ruckt ",NA
"2182","ruf ",NA
"2183","rufe ",NA
"2184","ruft ",NA
"2185","ruhe ",NA
"2186","ruhiger ",NA
"2187","rum ",NA
"2188","rum, ",NA
"2189","rumpelt ",NA
"2190","runde ",NA
"2191","rundgeschliffenen ",NA
"2192","rundum ",NA
"2193","runter 
",NA
"2194","rupfe ",NA
"2195","rutschen, ",NA
"2196","sache ",NA
"2197","sache ) ",NA
"2198","sache, ",NA
"2199","sachen ",NA
"2200","sächlich 
",NA
"2201","Sachs",NA
"2202","sack, ",NA
"2203","saftig ",NA
"2204","sag ",NA
"2205","sage ",NA
"2206","sage: ",NA
"2207","sagen ",NA
"2208","sagen, ",NA
"2209","sagen: ",NA
"2210","sagen: 
",NA
"2211","sagen.",NA
"2212","sagen. ",NA
"2213","sagt ",NA
"2214","sagt 
",NA
"2215","sägt, ",NA
"2216","sagt: ",NA
"2217","sagte ",NA
"2218","sagte 
",NA
"2219","sagten, ",NA
"2220","sagtest ",NA
"2221","sagtest: ",NA
"2222","sah ",NA
"2223","sahen ",NA
"2224","sailor 
",NA
"2225","salzig, ",NA
"2226","samen ",NA
"2227","sammeln, ",NA
"2228","sammelnder ",NA
"2229","samt ",NA
"2230","samtiges, ",NA
"2231","sand ",NA
"2232","sand, ",NA
"2233","sandgefälle, ",NA
"2234","sandkiddies, ",NA
"2235","sandkörnern ",NA
"2236","sanft ",NA
"2237","sanft .chwappten. ",NA
"2238","saßen ",NA
"2239","sat. ",NA
"2240","satz ",NA
"2241","satz. ",NA
"2242","sauberes ",NA
"2243","saugend. ",NA
"2244","sauglaut, ",NA
"2245","saum ",NA
"2246","saures ",NA
"2247","say ",NA
"2248","says ",NA
"2249","schabracke ",NA
"2250","schabracke, ",NA
"2251","schalen ",NA
"2252","schalen, ",NA
"2253","schält ",NA
"2254","scharfe, ",NA
"2255","scharfer ",NA
"2256","schärpe ",NA
"2257","schartigen ",NA
"2258","schatten ",NA
"2259","schatten, ",NA
"2260","schaufliger ",NA
"2261","schaukeln ",NA
"2262","schaukelstücke, ",NA
"2263","schaun) ",NA
"2264","schaut ",NA
"2265","scheide 
",NA
"2266","scheiden ",NA
"2267","scheidungsbriefe. ",NA
"2268","schein. ",NA
"2269","scheit? ",NA
"2270","schenkt ",NA
"2271","schichten, ",NA
"2272","schickt ",NA
"2273","schiebt ",NA
"2274","schiefe ",NA
"2275","schiefes 
",NA
"2276","schiffchen ",NA
"2277","schiffchen 
",NA
"2278","schiffchen, ",NA
"2279","schimmerschaft ",NA
"2280","schimmert ",NA
"2281","schimmerte ",NA
"2282","schlabbrig ",NA
"2283","schlackrig, ",NA
"2284","schlaf ",NA
"2285","schlafanzug ",NA
"2286","schlafbänder, ",NA
"2287","schlafen ",NA
"2288","schläfen. ",NA
"2289","schläft ",NA
"2290","schlag 
",NA
"2291","schlagen ",NA
"2292","schlägt 
",NA
"2293","schlangen ",NA
"2294","schlaufe 
",NA
"2295","schlaufen ",NA
"2296","schlaufenlaut 
",NA
"2297","schlecht, ",NA
"2298","schleier. ",NA
"2299","schleppe ",NA
"2300","schleusen ",NA
"2301","schließ ",NA
"2302","schließen ",NA
"2303","schließlich ",NA
"2304","schlingen ",NA
"2305","schlingen 
",NA
"2306","schlingen"" 
",NA
"2307","schlingenbildung ",NA
"2308","schlingt ",NA
"2309","schlossvorhänge, ",NA
"2310","schlucken ",NA
"2311","schluckte: ",NA
"2312","schlug ",NA
"2313","schlugen ",NA
"2314","schlummerig ",NA
"2315","schlungene ",NA
"2316","schluss ",NA
"2317","schlüsselblumen ",NA
"2318","schmale ",NA
"2319","schmalen ",NA
"2320","schmaus ",NA
"2321","schmelzsprech ",NA
"2322","schmerzen ",NA
"2323","schmiegt, ",NA
"2324","schmiegte ",NA
"2325","schmuggelten ",NA
"2326","schnabel, ",NA
"2327","schnalzen, ",NA
"2328","schnapp ",NA
"2329","schnatternden ",NA
"2330","schnaufend, ",NA
"2331","schnee ",NA
"2332","schnee: ",NA
"2333","schnee. ",NA
"2334","schneedecken ",NA
"2335","schneeporträts ",NA
"2336","schneidefläche, ",NA
"2337","schneien ",NA
"2338","schneisen ",NA
"2339","schnickschnack, ",NA
"2340","schnipselsprache ",NA
"2341","schnittenfregatten, ",NA
"2342","schnuppern, ",NA
"2343","schon ",NA
"2344","schon, ",NA
"2345","schon. ",NA
"2346","schönheit 
",NA
"2347","schräg ",NA
"2348","schreckschlaf, ",NA
"2349","schreckte ",NA
"2350","schrei. ",NA
"2351","schreiben, ",NA
"2352","schreibt ",NA
"2353","schreibt: ",NA
"2354","schrieb ",NA
"2355","schriebs ",NA
"2356","schriee, ",NA
"2357","schritte ",NA
"2358","schroffer ",NA
"2359","schulter ",NA
"2360","schüsseln ",NA
"2361","schüsselworte ",NA
"2362","schüttelt ",NA
"2363","schwalben, ",NA
"2364","schwall ",NA
"2365","schwanken, ",NA
"2366","schwantretboot 
",NA
"2367","schwanz ",NA
"2368","schwappt ",NA
"2369","schwarm, 
",NA
"2370","schwarz, ",NA
"2371","schwarze ",NA
"2372","schwarzem ",NA
"2373","schwarzen ",NA
"2374","schweben ",NA
"2375","schwebende ",NA
"2376","schwebt ",NA
"2377","schwebten ",NA
"2378","schweigen. ",NA
"2379","schweigend ",NA
"2380","schwemmen ",NA
"2381","schwemmt ",NA
"2382","schwer ",NA
"2383","schwere ",NA
"2384","schwimmend ",NA
"2385","schwitters, ",NA
"2386","schwofen ",NA
"2387","se ",NA
"2388","sechs ",NA
"2389","see ",NA
"2390","see 
",NA
"2391","see. ",NA
"2392","seeing ",NA
"2393","seemann ",NA
"2394","seemanns ",NA
"2395","segel ",NA
"2396","sehen ",NA
"2397","sehen: ",NA
"2398","sehl, ",NA
"2399","sehn. ",NA
"2400","sehnte ",NA
"2401","sei ",NA
"2402","seid ",NA
"2403","seidene ",NA
"2404","seile ",NA
"2405","sein ",NA
"2406","sein 
",NA
"2407","sein: ,,schnurz"". ",NA
"2408","sein. ",NA
"2409","seine ",NA
"2410","seinem ",NA
"2411","seinen ",NA
"2412","seiner ",NA
"2413","seit ",NA
"2414","seite ",NA
"2415","selber ",NA
"2416","selbst ",NA
"2417","selbstlaute ",NA
"2418","selbstschäumend, ",NA
"2419","sendung ",NA
"2420","setzt. ",NA
"2421","shaking 
",NA
"2422","show ",NA
"2423","shuttle ",NA
"2424","shuttle 
",NA
"2425","shuttles 
",NA
"2426","sich",NA
"2427","sich ",NA
"2428","sich 
",NA
"2429","sich, ",NA
"2430","sich. ",NA
"2431","sichtbar ",NA
"2432","sichtbares ",NA
"2433","sickerlicht ",NA
"2434","side ",NA
"2435","sie ",NA
"2436","sie 
",NA
"2437","sie: ",NA
"2438","sieben ",NA
"2439","siedlung ",NA
"2440","sieh ",NA
"2441","sieht, ",NA
"2442","sies ",NA
"2443","signale ",NA
"2444","silben ",NA
"2445","simsen, ",NA
"2446","sind ",NA
"2447","sind 
",NA
"2448","sind, ",NA
"2449","sind: ",NA
"2450","sind. ",NA
"2451","sing, ",NA
"2452","singsang ",NA
"2453","sinne ",NA
"2454","sinnkette, ",NA
"2455","sippe ",NA
"2456","sist ",NA
"2457","sitte ",NA
"2458","sitze, ",NA
"2459","sitzen ",NA
"2460","sitzen 
",NA
"2461","sitzen, ",NA
"2462","sitzt ",NA
"2463","skalen ",NA
"2464","skandinavischen ",NA
"2465","small,",NA
"2466","small, ",NA
"2467","snort, ",NA
"2468","so ",NA
"2469","so, ",NA
"2470","so: ",NA
"2471","so/",NA
"2472","socken ",NA
"2473","sogar ",NA
"2474","solange 
",NA
"2475","solchem ",NA
"2476","solcher ",NA
"2477","solches ",NA
"2478","solidarisieren, ",NA
"2479","solide ",NA
"2480","soll ",NA
"2481","sollte. ",NA
"2482","sollten ",NA
"2483","solos ",NA
"2484","something ",NA
"2485","sonne, ",NA
"2486","sonst ",NA
"2487","sorgen, ",NA
"2488","sort, ",NA
"2489","sorte, ",NA
"2490","sortierten ",NA
"2491","sortig ",NA
"2492","spalt ",NA
"2493","spanien, ",NA
"2494","spannte ",NA
"2495","spannung ",NA
"2496","später ",NA
"2497","spazieren, ",NA
"2498","speak ",NA
"2499","speichel ",NA
"2500","speichel 
",NA
"2501","speien ",NA
"2502","speien 
",NA
"2503","speis, ",NA
"2504","speisekarten ",NA
"2505","sperrt ",NA
"2506","spiegel ",NA
"2507","spiegelbild ",NA
"2508","spielen ",NA
"2509","spielregel ",NA
"2510","spitze ",NA
"2511","spitze 
",NA
"2512","spitzen ",NA
"2513","spitzen 
",NA
"2514","spitzenräume, ",NA
"2515","spots ",NA
"2516","sprachblasen, ",NA
"2517","sprache ",NA
"2518","sprache, ",NA
"2519","Sprache, ",NA
"2520","sprachen ",NA
"2521","sprachen 
",NA
"2522","sprachen, ",NA
"2523","sprachenkind, ",NA
"2524","sprachlaut, ",NA
"2525","sprachlichen ",NA
"2526","sprachmaschine ",NA
"2527","sprachschicht: ",NA
"2528","sprachverlusts ",NA
"2529","sprachwechsel, ",NA
"2530","sprachwellen ",NA
"2531","sprang, ",NA
"2532","sprangen, ",NA
"2533","sprechen ",NA
"2534","sprechen, ",NA
"2535","spreite, ",NA
"2536","sprich ",NA
"2537","spricht ",NA
"2538","spricht, ",NA
"2539","spricht? ",NA
"2540","springt ",NA
"2541","spucke, ",NA
"2542","spuk. ",NA
"2543","spulen ",NA
"2544","spur, ",NA
"2545","spuren ",NA
"2546","squeeze ",NA
"2547","ss ",NA
"2548","stacheln, ",NA
"2549","stahlen ",NA
"2550","stämme ",NA
"2551","stämme, ",NA
"2552","stammeln ",NA
"2553","stammen ",NA
"2554","stammt ",NA
"2555","stand ",NA
"2556","stände, ",NA
"2557","ständer, ",NA
"2558","stanislau. ",NA
"2559","stapel, ",NA
"2560","starb, ",NA
"2561","starb. ",NA
"2562","starrt ",NA
"2563","statik. ",NA
"2564","statt ",NA
"2565","stattdessen ",NA
"2566","stäubchen ",NA
"2567","steck ",NA
"2568","stecken ",NA
"2569","stecken 
",NA
"2570","stehen ",NA
"2571","stehlen, ",NA
"2572","steht ",NA
"2573","steht, ",NA
"2574","steigt ",NA
"2575","steigt, ",NA
"2576","stein, ",NA
"2577","stein. ",NA
"2578","steine, ",NA
"2579","steinen ",NA
"2580","stellen ",NA
"2581","stern, ",NA
"2582","sternnase ",NA
"2583","steuerten ",NA
"2584","stickenden ",NA
"2585","stieg ",NA
"2586","stille ",NA
"2587","stille 
",NA
"2588","stimmwege ",NA
"2589","Stimmwege, ",NA
"2590","stirn: ,,schauen ",NA
"2591","stoben ",NA
"2592","stöberndes ",NA
"2593","stocken, ",NA
"2594","stolze ",NA
"2595","storage, ",NA
"2596","störung ",NA
"2597","stoß ",NA
"2598","stoßen 
",NA
"2599","stotter ",NA
"2600","stottern ",NA
"2601","stottersaft ",NA
"2602","strampler 
",NA
"2603","strand, ",NA
"2604","strandfunde ",NA
"2605","strandhandtuch. ",NA
"2606","strandkörbe ",NA
"2607","strandspazierer, ",NA
"2608","stränge, ",NA
"2609","straße ",NA
"2610","straße. ",NA
"2611","straßen ",NA
"2612","sträuße ",NA
"2613","streck ",NA
"2614","streckt ",NA
"2615","streichen, ",NA
"2616","stress ",NA
"2617","strick ",NA
"2618","struktur ",NA
"2619","strümpfe. ",NA
"2620","studieren, ",NA
"2621","stuff ",NA
"2622","stühlchenspiel, ",NA
"2623","stummen ",NA
"2624","stummheit ",NA
"2625","stunden 
",NA
"2626","stundenlang ",NA
"2627","stundenlang, ",NA
"2628","substanziell, ",NA
"2629","such ",NA
"2630","suchen, ",NA
"2631","sucht ",NA
"2632","suchten, ",NA
"2633","suggested ",NA
"2634","suggestion) ",NA
"2635","summende ",NA
"2636","süßen ",NA
"2637","süstikpitsi ",NA
"2638","süstikpitsi 
",NA
"2639","symptom 
",NA
"2640","symptomen, ",NA
"2641","t ",NA
"2642","tablett. ",NA
"2643","tabletten, ",NA
"2644","taftvorhänge, ",NA
"2645","tag, ",NA
"2646","tage ",NA
"2647","tage, ",NA
"2648","tagelang ",NA
"2649","tagelangem ",NA
"2650","tages ",NA
"2651","täglich ",NA
"2652","tagung, ",NA
"2653","tal ",NA
"2654","tal, ",NA
"2655","talabende, ",NA
"2656","taler ",NA
"2657","talg ",NA
"2658","tals ",NA
"2659","talseite, ",NA
"2660","talwogen ",NA
"2661","tangstrick ",NA
"2662","tänzelt ",NA
"2663","tanzen. ",NA
"2664","tanzt ",NA
"2665","tanzt, ",NA
"2666","tap ",NA
"2667","tapped ",NA
"2668","tarnopol, ",NA
"2669","tasche ",NA
"2670","tassen. ",NA
"2671","tasten, ",NA
"2672","tastend ",NA
"2673","tat ",NA
"2674","täten. ",NA
"2675","tatort ",NA
"2676","tattern 
",NA
"2677","tatternden ",NA
"2678","tatternden 
",NA
"2679","tatting ",NA
"2680","tatting 
",NA
"2681","tattle ",NA
"2682","tattled ",NA
"2683","tau ",NA
"2684","tee. ",NA
"2685","teepflicht ",NA
"2686","teeth ",NA
"2687","teeth 
",NA
"2688","teilt ",NA
"2689","terriersnack. ",NA
"2690","ters ",NA
"2691","text ",NA
"2692","textverbunds ",NA
"2693","than ",NA
"2694","that ",NA
"2695","the ",NA
"2696","their ",NA
"2697","There ",NA
"2698","they ",NA
"2699","they 
",NA
"2700","things ",NA
"2701","this 
",NA
"2702","thread ",NA
"2703","through ",NA
"2704","tick ",NA
"2705","tick. ",NA
"2706","ticken ",NA
"2707","tier) ",NA
"2708","tiere. ",NA
"2709","till ",NA
"2710","time ",NA
"2711","timing, ",NA
"2712","tingeling, ",NA
"2713","tingeltangel, ",NA
"2714","tippenden ",NA
"2715","tisch, ",NA
"2716","tischlein ",NA
"2717","tischlein: ",NA
"2718","to ",NA
"2719","toffee, ",NA
"2720","tofuwürfel ",NA
"2721","told 
",NA
"2722","tolle ",NA
"2723","tongue. ",NA
"2724","too ",NA
"2725","topf. ",NA
"2726","totenkopf ",NA
"2727","totenkopfgesicht, ",NA
"2728","traben ",NA
"2729","traben. ",NA
"2730","trag ",NA
"2731","tragen ",NA
"2732","tragephasen ",NA
"2733","tragetage, ",NA
"2734","tragetasche ",NA
"2735","trägt ",NA
"2736","trägt. ",NA
"2737","tram 
",NA
"2738","transportmittel, ",NA
"2739","träumt ",NA
"2740","trecker, ",NA
"2741","trees ",NA
"2742","treib, ",NA
"2743","treibt ",NA
"2744","tres ",NA
"2745","tresen ",NA
"2746","tribüne ",NA
"2747","trinken ",NA
"2748","tritt ",NA
"2749","trocknen ",NA
"2750","trottet ",NA
"2751","trutzig, ",NA
"2752","try ",NA
"2753","tuch, ",NA
"2754","tuch. ",NA
"2755","tüll, ",NA
"2756","tulpen, ",NA
"2757","tun. ",NA
"2758","tunke, ",NA
"2759","tunnel, ",NA
"2760","tunnelblick. ",NA
"2761","türen ",NA
"2762","türmte ",NA
"2763","tzte ",NA
"2764","u ",NA
"2765","über ",NA
"2766","überdeterminiertheit ",NA
"2767","überdeterminierung ",NA
"2768","übereinander ",NA
"2769","überfüttert ",NA
"2770","übergangsüberzug: ",NA
"2771","übergeneralisierung ",NA
"2772","überm ",NA
"2773","überschuss, ",NA
"2774","übersetzen 
",NA
"2775","ubersetzen, ",NA
"2776","übersetzen, ",NA
"2777","übersetzten, ",NA
"2778","übertragen, ",NA
"2779","überträgt ",NA
"2780","übervolles ",NA
"2781","uerweilung, ",NA
"2782","ufer ",NA
"2783","ufer 
",NA
"2784","uhcr ",NA
"2785","uhstände ",NA
"2786","ui ",NA
"2787","ulas. ",NA
"2788","uleich ",NA
"2789","um ",NA
"2790","umbeschriften, ",NA
"2791","umgebung ",NA
"2792","umgekehrt. .i ",NA
"2793","umgibt, ",NA
"2794","umkreisend, ",NA
"2795","umrisse 
",NA
"2796","ums ",NA
"2797","umschlag ",NA
"2798","umsegelt; ",NA
"2799","umtost. ",NA
"2800","umwege, ",NA
"2801","unbegleitet, ",NA
"2802","unbegründeten, ",NA
"2803","unbeschwichtigt. ",NA
"2804","und ",NA
"2805","und 
",NA
"2806","une ",NA
"2807","uneindeutigen ",NA
"2808","unfold ",NA
"2809","ungar, ",NA
"2810","ungebildete ",NA
"2811","ungelenkten.",NA
"2812","ungelöstes ",NA
"2813","ungewärmten ",NA
"2814","unhörbarer ",NA
"2815","unklar ",NA
"2816","unllertartiges. ",NA
"2817","unlocked",NA
"2818","unmittelbaren ",NA
"2819","unnachlässigkeit. ",NA
"2820","unruhe ",NA
"2821","unruhig, ",NA
"2822","uns ",NA
"2823","uns, ",NA
"2824","unsere ",NA
"2825","unseren ",NA
"2826","unserer ",NA
"2827","unstetem ",NA
"2828","unter ",NA
"2829","unterbrechung ",NA
"2830","untereinander ",NA
"2831","unterkiefer, ",NA
"2832","unterkunft: ,,alles ",NA
"2833","unterm ",NA
"2834","unterschiede ",NA
"2835","unterschrieben ",NA
"2836","unterspült ",NA
"2837","untersuchen! ",NA
"2838","untersucht. ",NA
"2839","unterwegs ",NA
"2840","unvermittelt ",NA
"2841","unzählige ",NA
"2842","ursprung 
",NA
"2843","us ",NA
"2844","US 
",NA
"2845","use ",NA
"2846","usual ",NA
"2847","usual"" 
",NA
"2848","usw. ",NA
"2849","usw.) ",NA
"2850","uus ",NA
"2851","vater ",NA
"2852","vater, ",NA
"2853","Vaters ",NA
"2854","veilmaker ",NA
"2855","vent, ",NA
"2856","ver 
",NA
"2857","veranden. ",NA
"2858","verändern. ",NA
"2859","verändert. ",NA
"2860","verarbeiten ",NA
"2861","verb ",NA
"2862","verbands ",NA
"2863","verben ",NA
"2864","verblüfft: ",NA
"2865","verbreiten ",NA
"2866","verbunden ",NA
"2867","verdanken ",NA
"2868","verdauen, ",NA
"2869","verdaute 
",NA
"2870","vereinen ",NA
"2871","verflogen, ",NA
"2872","verflogen. ",NA
"2873","vergessen, ",NA
"2874","vergessene ",NA
"2875","vergesslichkeit. ",NA
"2876","vergraben ",NA
"2877","verhält ",NA
"2878","verholzene ",NA
"2879","verinselung, ",NA
"2880","verkauf ",NA
"2881","verkleiden. ",NA
"2882","verkleinern, ",NA
"2883","verknüpfungen ",NA
"2884","verkorksten ",NA
"2885","verlangen, ",NA
"2886","verlangt. ",NA
"2887","verlassen ",NA
"2888","verloren ",NA
"2889","vermehrte ",NA
"2890","vermehrten. ",NA
"2891","verordnungen, ",NA
"2892","verpackung. ",NA
"2893","verpuppt, ",NA
"2894","verreist. ",NA
"2895","verringern ",NA
"2896","verrückten ",NA
"2897","verschacktelt, ",NA
"2898","verschluckt.",NA
"2899","verschmelzung ",NA
"2900","verschobenen ",NA
"2901","verschwand.",NA
"2902","verschwinden, ",NA
"2903","versorgungen ",NA
"2904","versorgungsstränge 
",NA
"2905","versprechen 
",NA
"2906","versprechen, ",NA
"2907","versprecher ",NA
"2908","verstand ",NA
"2909","verstanden, ",NA
"2910","versteckst ",NA
"2911","verstehen ",NA
"2912","versteht ",NA
"2913","verstickten 
",NA
"2914","verstopft, ",NA
"2915","vertauschende ",NA
"2916","verteilen, ",NA
"2917","verteilt ",NA
"2918","verteilten. ",NA
"2919","Verteilung ... ",NA
"2920","vertrautesten ",NA
"2921","vertüpfelter ",NA
"2922","verwachsen, ",NA
"2923","verwandeln? ",NA
"2924","verwebtes ",NA
"2925","verwechselbar, ",NA
"2926","verweisen, ",NA
"2927","verwender ",NA
"2928","verwendern ",NA
"2929","verwringen ",NA
"2930","verwringung ",NA
"2931","verwunschenes ",NA
"2932","very",NA
"2933","very ",NA
"2934","verzierer, ",NA
"2935","viel ",NA
"2936","viel. ",NA
"2937","vieläugig ",NA
"2938","vielen ",NA
"2939","vier ",NA
"2940","vieren. ",NA
"2941","vierzehn ",NA
"2942","vokale ",NA
"2943","vol-",NA
"2944","voll ",NA
"2945","volle ",NA
"2946","volleyballspieler, ",NA
"2947","vom ",NA
"2948","von ",NA
"2949","von 
",NA
"2950","von ,,beobachten ",NA
"2951","vor ",NA
"2952","vor, ",NA
"2953","vor. ",NA
"2954","vorahnen ",NA
"2955","vorbei, ",NA
"2956","vorgestellten ",NA
"2957","vorhang ",NA
"2958","vorhang, ",NA
"2959","vorhänge, ",NA
"2960","vorhängen, ",NA
"2961","vorkam, ",NA
"2962","vorm ",NA
"2963","vorne ",NA
"2964","vorsetzte, ",NA
"2965","vorspringende ",NA
"2966","vorstellbar ",NA
"2967","vorwehte, ",NA
"2968","vorzeitige ",NA
"2969","w ",NA
"2970","wa ",NA
"2971","wabenartige ",NA
"2972","wabenartigen ",NA
"2973","wachgeblinzelt ",NA
"2974","wachsen ",NA
"2975","wachsen, ",NA
"2976","wachsfiguren. ",NA
"2977","wächst ",NA
"2978","wächst, ",NA
"2979","wacklige ",NA
"2980","wagten ",NA
"2981","wagten, ",NA
"2982","wahnsinn, ",NA
"2983","wahnte ",NA
"2984","wahr, ",NA
"2985","während ",NA
"2986","wahrgenommene ",NA
"2987","wahrheit ",NA
"2988","wald ",NA
"2989","wald. ",NA
"2990","waldbaracke, ",NA
"2991","wälder ",NA
"2992","walleh ",NA
"2993","wallpaper, ",NA
"2994","wallt ",NA
"2995","wand ",NA
"2996","wand, ",NA
"2997","wände, ",NA
"2998","wände) 
",NA
"2999","wandern ",NA
"3000","wandern, ",NA
"3001","wandern. ",NA
"3002","wandert, ",NA
"3003","wanderte ",NA
"3004","war ",NA
"3005","war. ",NA
"3006","ward ",NA
"3007","wäre ",NA
"3008","ware, ",NA
"3009","waren ",NA
"3010","wären ",NA
"3011","waren, ",NA
"3012","wären. ",NA
"3013","warm ",NA
"3014","warm, ",NA
"3015","warmem ",NA
"3016","warnung. ",NA
"3017","warst ",NA
"3018","wärterin ",NA
"3019","wärterin, ",NA
"3020","wartung ",NA
"3021","wartung, ",NA
"3022","warum ",NA
"3023","warum 
",NA
"3024","was ",NA
"3025","was 
",NA
"3026","was, ",NA
"3027","waschen. 
",NA
"3028","wasser ",NA
"3029","wasser, ",NA
"3030","wasserfarben, ",NA
"3031","wasserzeichen, ",NA
"3032","water ",NA
"3033","wattierte ",NA
"3034","we ",NA
"3035","we're ",NA
"3036","wear 
",NA
"3037","wechselt, ",NA
"3038","weg ",NA
"3039","weg, ",NA
"3040","wege ",NA
"3041","wegesrand ",NA
"3042","wegkommen ",NA
"3043","wegnickt ",NA
"3044","wegnimmt, ",NA
"3045","wegrand ",NA
"3046","wegstecken, ",NA
"3047","wegzuschlecken ",NA
"3048","weh ",NA
"3049","wehen, ",NA
"3050","wehte ",NA
"3051","weide ",NA
"3052","weiden, ",NA
"3053","weil ",NA
"3054","weiß ",NA
"3055","weiß, ",NA
"3056","weiße ",NA
"3057","weißen ",NA
"3058","weißer ",NA
"3059","weißlichtig ",NA
"3060","weit, ",NA
"3061","weit). ",NA
"3062","weiter ",NA
"3063","weiterheckt ",NA
"3064","weiterhelfen, ",NA
"3065","weitsicht, ",NA
"3066","welche ",NA
"3067","welchen ",NA
"3068","welcher ",NA
"3069","welches ",NA
"3070","welches, ",NA
"3071","welcomes ",NA
"3072","well, ",NA
"3073","wellenartig ",NA
"3074","wellenbrecher ",NA
"3075","wellenkämme ",NA
"3076","welt ",NA
"3077","welten ",NA
"3078","weltenden, ",NA
"3079","wen ",NA
"3080","wenig ",NA
"3081","wenn ",NA
"3082","wenn, ,,bei ",NA
"3083","wer ",NA
"3084","Wer ",NA
"3085","werden ",NA
"3086","werden, ",NA
"3087","wernicke, ",NA
"3088","wers ",NA
"3089","westliches, ",NA
"3090","westwind ",NA
"3091","wetzten? ",NA
"3092","what ",NA
"3093","what. ",NA
"3094","where",NA
"3095","which ",NA
"3096","who ",NA
"3097","wickelt ",NA
"3098","widerstand: 
",NA
"3099","wie ",NA
"3100","Wie ",NA
"3101","wie 
",NA
"3102","wie ) ",NA
"3103","wie) ",NA
"3104","wieder ",NA
"3105","wieder, ",NA
"3106","wiederhole ",NA
"3107","wiederholen : 
",NA
"3108","wiederkommt. ",NA
"3109","wiege ",NA
"3110","wiehert ",NA
"3111","wienklatsche, ",NA
"3112","wies ",NA
"3113","wiesen ",NA
"3114","wild ",NA
"3115","wilden ",NA
"3116","wildwechsel ",NA
"3117","will ",NA
"3118","wimpel, ",NA
"3119","wind ",NA
"3120","winden ",NA
"3121","wings 
",NA
"3122","winter ",NA
"3123","winters, ",NA
"3124","winzige ",NA
"3125","winziges ",NA
"3126","wir ",NA
"3127","wir 
",NA
"3128","wirbel ",NA
"3129","wird, ",NA
"3130","wird? ",NA
"3131","wirklich ",NA
"3132","wirt, ",NA
"3133","wischen) ",NA
"3134","wissen ",NA
"3135","wissen, ",NA
"3136","with ",NA
"3137","wo ",NA
"3138","woanders ",NA
"3139","wob ",NA
"3140","woher ",NA
"3141","wohin ",NA
"3142","wohl ",NA
"3143","wohnort ",NA
"3144","wohnort? ",NA
"3145","wolken ",NA
"3146","wolkendräue ",NA
"3147","wolle ",NA
"3148","wollen ",NA
"3149","wollte ",NA
"3150","wollten ",NA
"3151","woman 
",NA
"3152","women ",NA
"3153","womm, ",NA
"3154","words 
",NA
"3155","work. ",NA
"3156","world. ",NA
"3157","wort ",NA
"3158","wort, ",NA
"3159","wort: ",NA
"3160","worte ",NA
"3161","worten 
",NA
"3162","Wörterbuch 
",NA
"3163","wortes ",NA
"3164","wortfindungsschwierigkeiten ",NA
"3165","wortfindungsschwierigkeiten, ",NA
"3166","wortkaninchen ",NA
"3167","wörtlich. ",NA
"3168","wouldn't ",NA
"3169","wt ",NA
"3170","wuchs ",NA
"3171","wuchs. ",NA
"3172","wüchse ",NA
"3173","wuchsen, ",NA
"3174","wunder, ",NA
"3175","wunderlich ",NA
"3176","wundsinn ",NA
"3177","wurde ",NA
"3178","wurden, ",NA
"3179","würden, ",NA
"3180","wurzellos! ",NA
"3181","wurzeln ",NA
"3182","wurzeln, ",NA
"3183","wussten ",NA
"3184","wüssten ",NA
"3185","YES, ",NA
"3186","you ",NA
"3187","you : 
",NA
"3188","you. ",NA
"3189","you"". ",NA
"3190","yourself! ",NA
"3191","z. ",NA
"3192","zacken, ",NA
"3193","zackenkranz ",NA
"3194","zagen ",NA
"3195","zähe ",NA
"3196","zahlte 
",NA
"3197","zahn ",NA
"3198","zahnblütchen ",NA
"3199","zähne ",NA
"3200","zähne, ",NA
"3201","zahnen, ",NA
"3202","zähnen, ",NA
"3203","zahnfleischs ",NA
"3204","zahnweh ",NA
"3205","zappenduster ",NA
"3206","zarte ",NA
"3207","zaubermampf. ",NA
"3208","zaun ",NA
"3209","zäune, ",NA
"3210","zehe ",NA
"3211","zehen ",NA
"3212","zehn ",NA
"3213","zehn. ",NA
"3214","zeichen ",NA
"3215","zeigst, ",NA
"3216","zeigt ",NA
"3217","zeigten ",NA
"3218","zeile ",NA
"3219","zeile? ",NA
"3220","zeilen ",NA
"3221","zeilen? ",NA
"3222","zeit ",NA
"3223","Zeit ",NA
"3224","zeit, ",NA
"3225","zeiten, ",NA
"3226","zeiten. ",NA
"3227","zeitweh, ",NA
"3228","zelle, ",NA
"3229","zelt ",NA
"3230","zelt. ",NA
"3231","zerbrechlich ",NA
"3232","zerreiben 
",NA
"3233","zerren ",NA
"3234","zerren 
",NA
"3235","zerrieben 
",NA
"3236","zettelart ",NA
"3237","zeug ",NA
"3238","ziehen ",NA
"3239","ziehen. ",NA
"3240","zieht, ",NA
"3241","zier ",NA
"3242","zierliche ",NA
"3243","zimmer ",NA
"3244","zimmer, ",NA
"3245","zimmer. ",NA
"3246","zimmeretage, ",NA
"3247","zimmerhalbdunkel ",NA
"3248","zimmern, ",NA
"3249","zipfel, ",NA
"3250","zipfelig ",NA
"3251","zipfelndem ",NA
"3252","zipfelneid! ",NA
"3253","zipfliger ",NA
"3254","zirkumstanzen, ",NA
"3255","zischen ",NA
"3256","zittern 
",NA
"3257","zitternd ",NA
"3258","zitternden 
",NA
"3259","zöge 
",NA
"3260","zottelartig, ",NA
"3261","zt ",NA
"3262","zu
",NA
"3263","zu ",NA
"3264","zu, ",NA
"3265","zu. ",NA
"3266","zuerst ",NA
"3267","zufriedenheit ",NA
"3268","zug. ",NA
"3269","zugangsproblemen ",NA
"3270","züge, ",NA
"3271","zugehörigkeit ",NA
"3272","zügel ",NA
"3273","zügel, ",NA
"3274","zum ",NA
"3275","zunge ",NA
"3276","zungen ",NA
"3277","zupfe ",NA
"3278","zupft ",NA
"3279","zur ",NA
"3280","zurück, ",NA
"3281","zurück. ",NA
"3282","zurück. 
",NA
"3283","zusammen ",NA
"3284","zusammen, ",NA
"3285","zusammen.",NA
"3286","zusammentreten, ",NA
"3287","zuständen, ",NA
"3288","zutraulicher ",NA
"3289","zutsche ",NA
"3290","zutsche, ",NA
"3291","zwängte ",NA
"3292","zwar ",NA
"3293","zwei ",NA
"3294","zweideutig, ",NA
"3295","zweifel ",NA
"3296","zweifeln, ",NA
"3297","zweige ",NA
"3298","zweimal ",NA
"3299","zweite ",NA
"3300","zweite 
",NA
"3301","zweitsprache ",NA
"3302","zwiebliges ",NA
"3303","zwilling ",NA
"3304","zwillingskopf ",NA
"3305","zwischen ",NA
"3306","zwischen 
",NA
"3307","zwittern ",NA
"3308","zwölf ",NA
