word;value;stop
"_ 
";WAHR;1
-;WAHR;1
- ;WAHR;1
-so ;WAHR;1
-uhichten ;WAHR;1
, ;WAHR;1
,,ein ;WAHR;1
,,i ;WAHR;1
,liindlicher ;WAHR;0
.,Ausgehend ;WAHR;0
"""as ";WAHR;1
„als ;WAHR;1
„einen ;WAHR;1
( dahin ) ;WAHR;1
( mein ;WAHR;1
( sagt ;WAHR;1
"( tat 
";FALSCH;1
( u ;WAHR;1
( weil ;WAHR;1
( what ;WAHR;1
( wo ;WAHR;1
(als ;WAHR;1
(auf ;WAHR;1
(ein ;WAHR;1
(for ;WAHR;1
(in ;WAHR;1
(it ;WAHR;1
[, ;WAHR;1
"[rioolite 
";WAHR;1
[riuolite;WAHR;1
[umre ;WAHR;1
1;WAHR;1
1!';WAHR;1
1.u.;WAHR;1
1);WAHR;1
11;WAHR;1
"11>"".";WAHR;1
110;WAHR;1
111;WAHR;1
1111s;WAHR;1
111iL;WAHR;1
11f'f'ne;WAHR;1
17.;WAHR;1
18.;WAHR;1
19.;WAHR;1
1n;WAHR;1
2;WAHR;1
2);WAHR;1
20.;WAHR;1
21.;WAHR;1
29;WAHR;1
3;WAHR;1
4;WAHR;1
5;WAHR;1
5;WAHR;1
6;WAHR;1
9;WAHR;1
a ;WAHR;1
A ;WAHR;1
A-;WAHR;1
A, ;WAHR;1
A's ;WAHR;1
a) ;WAHR;1
ab ;WAHR;1
ab.;WAHR;1
ab. ;WAHR;1
aber ;WAHR;1
"aber 
";WAHR;1
"about 
";WAHR;1
abrr ;WAHR;1
Abs. ;WAHR;1
again, ;WAHR;1
again. ;WAHR;1
als ;WAHR;1
also ;WAHR;1
also, ;WAHR;1
although ;WAHR;1
am ;WAHR;1
an ;WAHR;1
an, ;WAHR;1
an.;WAHR;1
an. ;WAHR;1
and ;WAHR;1
ans ;WAHR;1
around ;WAHR;1
as ;WAHR;1
at ;WAHR;1
au-;WAHR;1
auch ;WAHR;1
"auch 
";WAHR;1
auch, ;WAHR;1
auch: ;WAHR;1
auch. ;WAHR;1
auf ;WAHR;1
auf, ;WAHR;1
auf. ;WAHR;1
aus ;WAHR;1
aus, ;WAHR;1
aus. ;WAHR;1
b ;WAHR;1
b. ;WAHR;1
b) ;WAHR;1
be?;WAHR;1
be? ;WAHR;1
been ;WAHR;1
bei ;WAHR;1
beim ;WAHR;1
"beim 
";WAHR;1
bin ;WAHR;1
bis ;WAHR;1
bis, ;WAHR;1
but ;WAHR;1
by ;WAHR;1
by, ;WAHR;1
can ;WAHR;1
cri. ;WAHR;1
d ;WAHR;1
d. ;WAHR;1
D1P;WAHR;1
da ;WAHR;1
"da 
";WAHR;1
da, ;WAHR;1
da? ;WAHR;1
"da?""";WAHR;1
damit ;WAHR;1
"damit 
";WAHR;1
dann ;WAHR;1
dann, ;WAHR;1
das ;WAHR;1
das, ;WAHR;1
dass;WAHR;1
dass ;WAHR;1
"dass 
";WAHR;1
davon ;WAHR;1
dazu ;WAHR;1
dazu. ;WAHR;1
de ;WAHR;1
dem ;WAHR;1
"dem 
";WAHR;1
den ;WAHR;1
"den 
";WAHR;1
denn ;WAHR;1
"denn 
";WAHR;1
der ;WAHR;1
deren ;WAHR;1
des ;WAHR;1
did ;WAHR;1
die ;WAHR;1
"die 
";WAHR;1
die. ;WAHR;1
diese ;WAHR;1
diesem ;WAHR;1
diesen ;WAHR;1
dieser ;WAHR;1
dieses ;WAHR;1
durch ;WAHR;1
"ein 
";WAHR;1
ein, ;WAHR;1
ein.;WAHR;1
eine ;WAHR;1
"eine 
";WAHR;1
einem ;WAHR;1
einen ;WAHR;1
einer ;WAHR;1
"einer 
";WAHR;1
einer, ;WAHR;1
eines ;WAHR;1
es;WAHR;1
es ;WAHR;1
"es 
";WAHR;1
es, ;WAHR;1
go ;WAHR;1
goes ;WAHR;1
going ;WAHR;1
h. ;WAHR;1
habe ;WAHR;1
haben ;WAHR;1
"haben 
";WAHR;1
haben, ;WAHR;1
haben. ;WAHR;1
hat, ;WAHR;1
hat. ;WAHR;1
hatte ;WAHR;1
hätte ;WAHR;1
hatten ;WAHR;1
hatten, ;WAHR;1
have ;WAHR;1
im ;WAHR;1
"im 
";WAHR;1
in ;WAHR;1
in.;WAHR;1
in. ;WAHR;1
ins ;WAHR;1
"ins 
";WAHR;1
into ;WAHR;1
is ;WAHR;1
ist ;WAHR;1
ist, ;WAHR;1
it ;WAHR;1
it's ;WAHR;1
k-;WAHR;1
l ;WAHR;1
L ;WAHR;1
l6.;WAHR;1
ld ;WAHR;1
lu ;WAHR;1
lu-;WAHR;1
m ;WAHR;1
mr. ;WAHR;1
mrs. ;WAHR;1
muss ;WAHR;1
muss ...;WAHR;1
muss, ;WAHR;1
muss. ;WAHR;1
musst ;WAHR;1
n ;WAHR;1
nd ;WAHR;1
noch ;WAHR;1
noch-;WAHR;1
noch, ;WAHR;1
noch. ;WAHR;1
o ;WAHR;1
o'clock ;WAHR;0
ob ;WAHR;1
oder ;WAHR;1
"oder 
";WAHR;1
or ;WAHR;1
p. ;WAHR;1
r ;WAHR;1
r-;WAHR;1
rlc-;WAHR;1
rluzu., ;WAHR;1
rn ;WAHR;1
schon ;WAHR;1
schon, ;WAHR;1
schon. ;WAHR;1
sei ;WAHR;1
seid ;WAHR;1
sein ;WAHR;1
"sein 
";WAHR;1
sein. ;WAHR;1
seine ;WAHR;1
seinem ;WAHR;1
seinen ;WAHR;1
seiner ;WAHR;1
seit ;WAHR;1
sich;WAHR;1
sich ;WAHR;1
"sich 
";WAHR;1
sich, ;WAHR;1
sich. ;WAHR;1
sind ;WAHR;1
"sind 
";WAHR;1
sind, ;WAHR;1
sind: ;WAHR;1
sind. ;WAHR;1
so ;WAHR;1
so, ;WAHR;1
so: ;WAHR;1
so/;WAHR;1
sogar ;WAHR;1
solchem ;WAHR;1
solcher ;WAHR;1
solches ;WAHR;1
statt ;WAHR;1
such ;WAHR;1
t ;WAHR;1
the ;WAHR;1
"this 
";WAHR;1
till ;WAHR;1
to ;WAHR;1
u ;WAHR;1
über ;WAHR;1
ui ;WAHR;1
um ;WAHR;1
und ;WAHR;1
"und 
";WAHR;1
une ;WAHR;1
unter ;WAHR;1
unterm ;WAHR;1
usw. ;WAHR;1
usw.) ;WAHR;1
vom ;WAHR;1
von ;WAHR;1
"von 
";WAHR;1
vor ;WAHR;1
vor, ;WAHR;1
vor. ;WAHR;1
vorm ;WAHR;1
w ;WAHR;1
war ;WAHR;1
war. ;WAHR;1
wäre ;WAHR;1
wären ;WAHR;1
wären. ;WAHR;1
was ;WAHR;1
"was 
";WAHR;1
was, ;WAHR;1
wen ;WAHR;1
wenn ;WAHR;1
wer ;WAHR;1
what ;WAHR;1
what. ;WAHR;1
where;WAHR;1
which ;WAHR;1
who ;WAHR;1
wie ;WAHR;1
Wie ;WAHR;1
"wie 
";WAHR;1
wie ) ;WAHR;1
wie) ;WAHR;1
wieder ;WAHR;1
wieder, ;WAHR;1
wo ;WAHR;1
wurde ;WAHR;1
wurden, ;WAHR;1
würden, ;WAHR;1
z. ;WAHR;1
zt ;WAHR;1
"zu
";WAHR;1
zu ;WAHR;1
zu, ;WAHR;1
zu. ;WAHR;1
zum ;WAHR;1
zur ;WAHR;1
zwar ;WAHR;1
,,Ereignisse ;FALSCH;0
,,people ;FALSCH;0
"„fenster"" ";FALSCH;0
„geistige ;FALSCH;0
"„solide 
";FALSCH;0
"„spitze 
";FALSCH;0
"„spitze"" ";FALSCH;0
"„zumutbar"". ";FALSCH;0
( deck ;FALSCH;0
( Freud ;FALSCH;0
( schleier ) ;FALSCH;0
( vergeigten) ;FALSCH;0
(auto-;FALSCH;0
(fenster ;FALSCH;0
(freudless ;FALSCH;0
(grün) ;FALSCH;0
(irrationale) ;FALSCH;0
(lines) ;FALSCH;0
(lining). ;FALSCH;0
(mitten ;FALSCH;0
(ohr) ;FALSCH;0
(russ. ;FALSCH;0
(schlag ;FALSCH;0
(strait ;FALSCH;0
(symptom) ;FALSCH;0
(themen) ;FALSCH;0
"(timemissing)"" 
";FALSCH;0
(tinseln?), ;FALSCH;0
abbau ;FALSCH;0
abbrechen ;FALSCH;0
abend ;FALSCH;0
abende, ;FALSCH;0
abgekommen, ;FALSCH;0
abgerissen ;FALSCH;0
abgeseilt, ;FALSCH;0
Ableben ;FALSCH;0
ablegen ;FALSCH;0
"ablegen 
";FALSCH;0
ablenkung. ;FALSCH;0
abnabeln, ;FALSCH;0
abnehmen ;FALSCH;0
abreiben ;FALSCH;0
abreibestelle, ;FALSCH;0
abreibung, ;FALSCH;0
abschlagen? ;FALSCH;0
absehen ;FALSCH;0
abständen ;FALSCH;0
abwasch, ;FALSCH;0
abzukriegen ;FALSCH;0
ach ;FALSCH;0
achtundzwanzig ;FALSCH;0
ächzen. ;FALSCH;0
adel ;FALSCH;0
adeln, ;FALSCH;0
adern ;FALSCH;0
affektiver ;FALSCH;0
ah ;FALSCH;0
"ähnelt 
";FALSCH;0
ähnlich ;FALSCH;0
ähnliche ;FALSCH;0
ahnung, ;FALSCH;0
ährenkränze, ;FALSCH;0
ahweh ;FALSCH;0
ahweh, ;FALSCH;0
albenvolle ;FALSCH;0
alexandria. ;FALSCH;0
Alice! ;FALSCH;0
all ;WAHR;0
all, ;WAHR;0
alle ;WAHR;0
Alle ;WAHR;0
alle.;WAHR;0
allein ;FALSCH;0
allem ;FALSCH;0
allem, ;FALSCH;0
allen ;FALSCH;0
aller ;FALSCH;0
allerdings ;FALSCH;0
alles ;FALSCH;0
"allmählich 
";FALSCH;0
alt ;FALSCH;0
alte ;FALSCH;0
alten ;FALSCH;0
alveolar ;FALSCH;0
amt, ;FALSCH;0
amüsiert, ;FALSCH;0
andere ;FALSCH;0
anderen ;FALSCH;0
anderer ;FALSCH;0
andern ;FALSCH;0
andern, ;FALSCH;0
anders ;FALSCH;0
"anders 
";FALSCH;0
anders, ;FALSCH;0
anders.;FALSCH;0
anders. ;FALSCH;0
anderswo ;FALSCH;0
androgynem ;FALSCH;0
anfangs ;FALSCH;0
angeboren. ;FALSCH;0
angeborene ;FALSCH;0
angeln. ;FALSCH;0
angezogen, ;FALSCH;0
angsttrauben ;FALSCH;0
anhaftungen, ;FALSCH;0
animals, ;FALSCH;0
ankunft, ;FALSCH;0
anlangen ;FALSCH;0
anna ;FALSCH;0
annablumetalent! ;FALSCH;0
annan ;FALSCH;0
another ;FALSCH;0
anprall ;FALSCH;0
"ansah""";FALSCH;0
anschauen, ;FALSCH;0
anschaute, ;FALSCH;0
anschmiegt ;FALSCH;0
anschmiegt, ;FALSCH;0
"ansieht 
";FALSCH;0
anstellen, ;FALSCH;0
anstrengt. ;FALSCH;0
anstrich ;FALSCH;0
antwort ;FALSCH;0
anzuziehen ;FALSCH;0
anzuzieren ;FALSCH;0
aphasieren, ;FALSCH;0
aphasikern ;FALSCH;0
aphasische ;FALSCH;0
aphasischen ;FALSCH;0
aphasischer ;FALSCH;0
applies ;FALSCH;0
arbeit ;FALSCH;0
archipel ;FALSCH;0
arm ;FALSCH;0
arm, ;FALSCH;0
arme. ;FALSCH;0
ärmel ;FALSCH;0
ärmeln ;FALSCH;0
armen, ;FALSCH;0
arrangieren ;FALSCH;0
art ;FALSCH;0
Art ;FALSCH;0
artig ;FALSCH;0
artikel ;FALSCH;0
ashberys ;FALSCH;0
ästen, ;FALSCH;0
ästlein ;FALSCH;0
asyl ;FALSCH;0
atemabstand ;FALSCH;0
"athletik 
";FALSCH;0
atlantik, ;FALSCH;0
attrition, ;FALSCH;0
aufbau ;FALSCH;0
aufbaus, ;FALSCH;0
aufbockt, ;FALSCH;0
aufenthalte. ;FALSCH;0
auffasst, ;FALSCH;0
aufgehen ;FALSCH;0
aufgeht, ;FALSCH;0
aufgelesen, ;FALSCH;0
aufgelöst ;FALSCH;0
aufgemacht! ;FALSCH;0
aufgespalten? ;FALSCH;0
auflassräume, ;FALSCH;0
aufpapua-;FALSCH;0
aufprall ;FALSCH;0
aufreibestelle, ;FALSCH;0
aufschäumende ;FALSCH;0
aufstau ;FALSCH;0
aufsteigt, ;FALSCH;0
augen ;FALSCH;0
"augenblicke 
";FALSCH;0
augenklar ;FALSCH;0
augenspitze ;FALSCH;0
"augenspitze 
";FALSCH;0
augenübergehn ;FALSCH;0
augenweitendes ;FALSCH;0
ausgebauten ;FALSCH;0
ausgebildetes, ;FALSCH;0
ausgesetzt ;FALSCH;0
ausgesetzten ;FALSCH;0
ausgestülpt, ;FALSCH;0
auslassing, ;FALSCH;0
auslauf, ;FALSCH;0
aussehen ;FALSCH;0
außen ;FALSCH;0
äußerlicht ;FALSCH;0
ausspracheregeln ;FALSCH;0
aussuchen ;FALSCH;0
austreibt ;FALSCH;0
babeltrack ;FALSCH;0
bad ;FALSCH;0
bahnen, ;FALSCH;0
bahnental, ;FALSCH;0
bahnung, ;FALSCH;0
bald ;FALSCH;0
bald, ;FALSCH;0
"bälgern 
";FALSCH;0
ballon, ;FALSCH;0
ballonartig, ;FALSCH;0
ballsaal ;FALSCH;0
bananental ;FALSCH;0
bändern, ;FALSCH;0
bannen, ;FALSCH;0
barbe, ;FALSCH;0
bart ;FALSCH;0
bärwurz,;FALSCH;0
bärwurz, ;FALSCH;0
basilikum, ;FALSCH;0
bastmatten, ;FALSCH;0
bastschirms, ;FALSCH;0
bauen ;FALSCH;0
baum ;FALSCH;0
baum: ;FALSCH;0
baum. ;FALSCH;0
Bayern§ ;FALSCH;0
becher ;FALSCH;0
becher, ;FALSCH;0
becherchen. ;FALSCH;0
bedacht ;FALSCH;0
bedenke ;FALSCH;0
bedeutungsschwanger ;FALSCH;0
beere, ;FALSCH;0
beerenpause ;FALSCH;0
beerenpause, ;FALSCH;0
befindliche ;FALSCH;0
begann ;FALSCH;0
begrüßen ;FALSCH;0
beherrschen ;FALSCH;0
beherrschte ;FALSCH;0
behördlich. ;FALSCH;0
"beiden 
";FALSCH;0
beider ;FALSCH;0
beige ;FALSCH;0
bein ;FALSCH;0
beinahe ;FALSCH;0
beispiel ;FALSCH;0
bekam ;FALSCH;0
bekanntlich ;FALSCH;0
benennen, ;FALSCH;0
benimmwege. ;FALSCH;0
beobachter ;FALSCH;0
bereit, ;FALSCH;0
bereitgestellter ;FALSCH;0
Bereitschaft ;FALSCH;0
bernstein ;FALSCH;0
berry ;FALSCH;0
berrybad ;FALSCH;0
beschaffenheit. ;FALSCH;0
beschäftigt. ;FALSCH;0
beschreibung, ;FALSCH;0
beschwerlich. ;FALSCH;0
besetzt ;FALSCH;0
besinnt ;FALSCH;0
bestückt, ;FALSCH;0
besungen, ;FALSCH;0
betreffenden ;FALSCH;0
bett ;FALSCH;0
bett, ;FALSCH;0
bettbezügen, ;FALSCH;0
between ;FALSCH;0
beutel ;FALSCH;0
bewegen ;FALSCH;0
bewegen? ;FALSCH;0
bezüge ;FALSCH;0
bezügen, ;FALSCH;0
bezügen. ;FALSCH;0
bibbernde ;FALSCH;0
biegung ;FALSCH;0
bigger ;FALSCH;0
bild ;FALSCH;0
bild. ;FALSCH;0
bilden ;FALSCH;0
bilingual ;FALSCH;0
"bisschen) 
";FALSCH;0
black ;FALSCH;0
blase ;FALSCH;0
blasen ;FALSCH;0
blasen, ;FALSCH;0
blasse ;FALSCH;0
blatte! ;FALSCH;0
blattspitzen ;FALSCH;0
blau ;FALSCH;0
blauen ;FALSCH;0
blaupause ;FALSCH;0
bleib ;FALSCH;0
bleiben ;FALSCH;0
bleiben : ;FALSCH;0
bleibt ;FALSCH;0
blick, ;FALSCH;0
blickheft, ;FALSCH;0
blicking ;FALSCH;0
blicklichten, ;FALSCH;0
blieb, ;FALSCH;0
blieben ;FALSCH;0
"blindness 
";FALSCH;0
blinzeln ;FALSCH;0
blond, ;FALSCH;0
bloß ;FALSCH;0
blühend, ;FALSCH;0
blume ;FALSCH;0
blumen! ;FALSCH;0
blumenhändler, ;FALSCH;0
blumenschmuggler ;FALSCH;0
blumenstrauß, ;FALSCH;0
"blumige 
";FALSCH;0
blusteren ;FALSCH;0
blüte ;FALSCH;0
blüten ;FALSCH;0
blüten, ;FALSCH;0
blüten. ;FALSCH;0
blütenstuss. ;FALSCH;0
bluterguss, ;FALSCH;0
blutlos ;FALSCH;0
bodies, ;FALSCH;0
bogen ;FALSCH;0
bögen ;FALSCH;0
"bogenpicots 
";FALSCH;0
"bohren 
";FALSCH;0
borge, ;FALSCH;0
borgen, ;FALSCH;0
boschlagene ;FALSCH;0
"bov 
";FALSCH;0
boy ;FALSCH;0
brachte ;FALSCH;0
brandungsgewandt, ;FALSCH;0
braucht ;FALSCH;0
brauste ;FALSCH;0
brechen ;FALSCH;0
brechen, ;FALSCH;0
brei, ;FALSCH;0
brennt ;FALSCH;0
bricklebrit ;FALSCH;0
Bricklebrit ;FALSCH;0
brides ;FALSCH;0
brigade ;FALSCH;0
brigaden, ;FALSCH;0
bringen ;FALSCH;0
bringt ;FALSCH;0
brittleschöne ;FALSCH;0
broca, ;FALSCH;0
bröckelt ;FALSCH;0
brüchige ;FALSCH;0
brüchigen ;FALSCH;0
brücke ;FALSCH;0
brücken ;FALSCH;0
brücken! ;FALSCH;0
brüder ;FALSCH;0
bruder, ;FALSCH;0
brüder, ;FALSCH;0
brust- ;FALSCH;0
brust, ;FALSCH;0
brüten. ;FALSCH;0
buckel. ;FALSCH;0
bucklige ;FALSCH;0
buh, ;FALSCH;0
bürgerlicher ;FALSCH;0
bus ;FALSCH;0
business ;FALSCH;0
cäcilie ;FALSCH;0
"calves 
";FALSCH;0
Camp, ;FALSCH;0
cancelt ;FALSCH;0
"ceillet 
";FALSCH;0
charles ;FALSCH;0
"chatter 
";FALSCH;0
che ;FALSCH;0
closed ;FALSCH;0
cold ;FALSCH;0
cold, ;FALSCH;0
collar ;FALSCH;0
"collar 
";FALSCH;0
conversion ;FALSCH;0
"converting 
";FALSCH;0
"cotton 
";FALSCH;0
cramps ;FALSCH;0
dabei ;FALSCH;0
dächer ;FALSCH;0
dafür ;FALSCH;0
dagegen ;FALSCH;0
dahinter ;FALSCH;0
dame ;FALSCH;0
dämmerns ;FALSCH;0
dämmerung ;FALSCH;0
dampfend, ;FALSCH;0
dancerbeard ;FALSCH;0
daneben, ;FALSCH;0
darauf ;FALSCH;0
darbend. ;FALSCH;0
darin, ;FALSCH;0
darin.;FALSCH;0
darüber ;FALSCH;0
darum ;FALSCH;1
darum, ;FALSCH;1
dattern ;FALSCH;0
"dattern 
";FALSCH;0
"daumengroß 
";FALSCH;0
dazwischen ;FALSCH;0
deck ;FALSCH;0
deckchen ;FALSCH;0
decke, ;FALSCH;0
deckel ;FALSCH;0
decken ;FALSCH;0
decken, ;FALSCH;0
deftig, ;FALSCH;0
dehnung ;FALSCH;0
dein ;FALSCH;0
deine ;FALSCH;0
deiner ;FALSCH;0
denen ;FALSCH;0
denken ;FALSCH;0
denklichen ;FALSCH;0
dennoch, ;FALSCH;0
deplacierer, ;FALSCH;0
derselbe ;FALSCH;0
derweil ;FALSCH;0
deutend ;FALSCH;0
deutlich ;FALSCH;0
deutschen ;FALSCH;0
dich ;FALSCH;0
dich, ;FALSCH;0
dichterdoktor ;FALSCH;0
dick ;FALSCH;0
dickichten, ;FALSCH;0
dideldum: ;FALSCH;0
dienst ;FALSCH;0
dieu ;FALSCH;0
different ;FALSCH;0
diktieren, ;FALSCH;0
ding ;FALSCH;0
ding, ;FALSCH;0
ding. ;FALSCH;0
dinge ;FALSCH;0
dinge, ;FALSCH;0
dingen, ;FALSCH;0
dingwort ;FALSCH;0
dir ;FALSCH;0
direktverbindung ;FALSCH;0
dis: ;FALSCH;0
dislike ;FALSCH;0
disorder ;FALSCH;0
doch ;FALSCH;1
doesn't ;FALSCH;1
dog ;FALSCH;0
dog. ;FALSCH;0
doktor ;FALSCH;0
doktor, ;FALSCH;0
doktor. ;FALSCH;0
dolmetscher ;FALSCH;0
don't ;FALSCH;1
doppel ;FALSCH;0
doppel. ;FALSCH;0
doppeln, ;FALSCH;0
dorf, ;FALSCH;0
dorf. ;FALSCH;0
dors, ;FALSCH;0
dors! ;FALSCH;0
dort ;FALSCH;0
dorthin ;FALSCH;0
döselte. ;FALSCH;0
dösen, ;FALSCH;0
dösiger ;FALSCH;0
dran. ;FALSCH;1
drängte ;FALSCH;0
draus ;FALSCH;1
draußen ;FALSCH;0
draußen, ;FALSCH;0
drehtest ;FALSCH;0
dreieinhalb ;FALSCH;0
dreimal ;FALSCH;0
drin ;FALSCH;1
drive ;FALSCH;0
drüber. ;FALSCH;0
druck ;FALSCH;0
drunter ;FALSCH;0
dt. ;FALSCH;0
du ;FALSCH;0
du, ;FALSCH;0
dumpfes ;FALSCH;0
düne ;FALSCH;0
dunkel), ;FALSCH;0
dunkeldeutsch ;FALSCH;0
dunklen ;FALSCH;0
dünne ;FALSCH;0
durchbrechung ;FALSCH;0
durchbruchsgurren, ;FALSCH;0
durchfressen. ;FALSCH;0
durchlassen, ;FALSCH;0
durchlässig, ;FALSCH;0
durchliefen. ;FALSCH;0
durchstoßen ;FALSCH;0
durchweicht, ;FALSCH;0
dürfen ;FALSCH;0
durst, ;FALSCH;0
durst. ;FALSCH;0
DVAsyl ;FALSCH;0
eben ;FALSCH;1
echo. ;FALSCH;0
eckzähne, ;FALSCH;0
egal, ;FALSCH;0
egale ;FALSCH;0
ehe ;FALSCH;0
ehe, ;FALSCH;0
eher ;FALSCH;0
eiförmige ;FALSCH;0
eigen ;FALSCH;0
eigenen ;FALSCH;0
eigenhändig ;FALSCH;0
eigenschaftswörter, ;FALSCH;0
eignes ;FALSCH;0
ein ;FALSCH;1
einander ;FALSCH;0
einfällt, ;FALSCH;0
eingerollt, ;FALSCH;0
eingesperrt, ;FALSCH;0
einheimsen, ;FALSCH;0
einklang ;FALSCH;0
einladende ;FALSCH;0
einreißen ;FALSCH;0
einsträuchert ;FALSCH;0
einzeln ;FALSCH;0
einzeln, ;FALSCH;0
elterliches ;FALSCH;0
eltern ;FALSCH;0
empfang. ;FALSCH;0
empfundene ;FALSCH;0
end ;FALSCH;0
ende ;FALSCH;0
"ende 
";FALSCH;0
endet ;FALSCH;0
endlich ;FALSCH;0
eng ;FALSCH;0
englisch ;FALSCH;0
englischen ;FALSCH;0
entfachen, ;FALSCH;0
entfernung, ;FALSCH;0
entgrenzende ;FALSCH;0
entkernung ;FALSCH;0
entlocken, ;FALSCH;0
entscheiden: ;FALSCH;0
entsprechend: ,,für ;FALSCH;0
entstehen ;FALSCH;0
entwicklung ;FALSCH;0
er ;FALSCH;0
"er 
";FALSCH;0
erdachsengerade. ;FALSCH;0
erde ;FALSCH;0
erde! ;FALSCH;0
erhielten. ;FALSCH;0
"erinnere 
";FALSCH;0
erkannten ;FALSCH;0
erkennungsdienstlich. ;FALSCH;0
erlagen, ;FALSCH;0
errichteten ;FALSCH;0
erst ;FALSCH;0
erste ;FALSCH;0
erstem ;FALSCH;0
ersten ;FALSCH;0
ertappt ;FALSCH;0
erwarf;FALSCH;0
erwischt, ;FALSCH;0
"erzählt 
";FALSCH;0
erzeugen, ;FALSCH;0
esel, ;FALSCH;0
esse ;FALSCH;0
essen, ;FALSCH;0
estland ;FALSCH;0
"etc. 
";FALSCH;0
ethnischen ;FALSCH;0
etwa ;FALSCH;0
europa ;FALSCH;0
"evening 
";FALSCH;0
ewig ;FALSCH;0
"example, 
";FALSCH;0
excuse-;FALSCH;0
excusemoi, ;FALSCH;0
exist, ;FALSCH;0
existenz ;FALSCH;0
existenz. ;FALSCH;0
existieren, ;FALSCH;0
experience ;FALSCH;0
explosionen, ;FALSCH;0
extent ;FALSCH;0
eye ;FALSCH;0
"eyelet 
";FALSCH;0
face ;FALSCH;0
"face 
";FALSCH;0
fach ;FALSCH;0
"facher! 
";FALSCH;0
fächergaben, ;FALSCH;0
fächern, ;FALSCH;0
fact ;FALSCH;0
"faden
";FALSCH;0
faden ;FALSCH;0
fäden ;FALSCH;0
"faden 
";FALSCH;0
fahnden. ;FALSCH;0
fahnen ;FALSCH;0
fahren ;FALSCH;0
fala ;FALSCH;0
fälle ;FALSCH;0
fallen ;FALSCH;0
falls ;FALSCH;1
falsch, ;FALSCH;0
falta ;FALSCH;0
faltbrigaden ;FALSCH;0
falten ;FALSCH;0
falten, ;FALSCH;0
faltenwürfe, ;FALSCH;0
falterhaft, ;FALSCH;0
falterndes ;FALSCH;0
falz. ;FALSCH;0
family ;FALSCH;0
fand ;FALSCH;0
fänden ;FALSCH;0
fang. ;FALSCH;0
fängt ;FALSCH;0
"fängt 
";FALSCH;0
fantom ;FALSCH;0
färbe ;FALSCH;0
farbpaletten, ;FALSCH;0
fassenden ;FALSCH;0
fassliche ;FALSCH;0
fast ;FALSCH;1
fate ;FALSCH;0
februar. ;FALSCH;0
feder ;FALSCH;0
federling, ;FALSCH;0
fehlen ;FALSCH;0
fehlentwürfe, ;FALSCH;0
fehlt ;FALSCH;0
fehlt. ;FALSCH;0
feigen ;FALSCH;0
feine ;FALSCH;0
feld? ;FALSCH;0
fell ;FALSCH;0
fenster ;FALSCH;0
fenster, ;FALSCH;0
fensterladen ;FALSCH;0
feriendings, ;FALSCH;0
fern ;FALSCH;0
fern, ;FALSCH;0
fern. ;FALSCH;0
ferne, ;FALSCH;0
ferner ;FALSCH;0
"fertig 
";FALSCH;0
fest, ;FALSCH;0
fest.;FALSCH;0
fest. ;FALSCH;0
festländer ;FALSCH;0
fetzen ;FALSCH;0
feuchte ;FALSCH;0
feuer ;FALSCH;0
few ;FALSCH;0
fichten ;FALSCH;0
fichts ;FALSCH;0
fiel ;FALSCH;0
figuren ;FALSCH;0
finde ;FALSCH;0
findung ;FALSCH;0
finger ;FALSCH;0
fingerhut ;FALSCH;0
fingern ;FALSCH;0
fingerspitzenalarm! ;FALSCH;0
firn, ;FALSCH;0
fisch ;FALSCH;0
"fische, 
";FALSCH;0
fischersspunden ;FALSCH;0
fischfrau ;FALSCH;0
fish, ;FALSCH;0
fläche ;FALSCH;0
flachen ;FALSCH;0
flame);FALSCH;0
flecht- ;FALSCH;0
fleisch ;FALSCH;0
fleur! ;FALSCH;0
"fleur! 
";FALSCH;0
fliegen, ;FALSCH;0
floralen ;FALSCH;0
floriert, ;FALSCH;0
flower ;FALSCH;0
fluffen ;FALSCH;0
flufft ;FALSCH;0
flügel, ;FALSCH;0
flur ;FALSCH;0
flur, ;FALSCH;0
fluss, ;FALSCH;0
fluss? ;FALSCH;0
flüstern ;FALSCH;0
fluten, ;FALSCH;0
flutschende ;FALSCH;0
folge ;FALSCH;0
folgt ;FALSCH;0
"folgt."" 
";FALSCH;0
folie ;FALSCH;0
folly, ;FALSCH;0
for ;FALSCH;1
fordere ;FALSCH;0
fördern. ;FALSCH;0
form ;FALSCH;0
formen ;FALSCH;0
formenschiff ;FALSCH;0
förmige ;FALSCH;0
forst ;FALSCH;0
fort, ;FALSCH;0
fort? ;FALSCH;0
fracht ;FALSCH;0
frag ;FALSCH;0
fragen ;FALSCH;0
fragen, ;FALSCH;0
fragile ;FALSCH;0
fragt: ;FALSCH;0
frankreich ;FALSCH;0
fransige ;FALSCH;0
französisch ;FALSCH;0
frau, ;FALSCH;0
frauen ;FALSCH;0
frecherchen! ;FALSCH;0
frei ;FALSCH;0
frei.gang ;FALSCH;0
"freigang 
";FALSCH;0
freisprechanlage;FALSCH;0
fremde ;FALSCH;0
"fremden 
";FALSCH;0
fremdes ;FALSCH;0
fremdheit ;FALSCH;0
french ;FALSCH;0
freud ;FALSCH;0
"freuen."" ";FALSCH;0
"friare 
";FALSCH;0
friese ;FALSCH;0
frischen ;FALSCH;0
frohlockende ;FALSCH;0
froschkehlen, ;FALSCH;0
froschsang ;FALSCH;0
froschtrack ;FALSCH;0
frost: ;FALSCH;0
früh ;FALSCH;0
frühen ;FALSCH;0
früher ;FALSCH;0
frühling ;FALSCH;0
fuhr ;FALSCH;0
führen, ;FALSCH;0
führn ;FALSCH;0
führten, ;FALSCH;0
führung, ;FALSCH;0
füllt ;FALSCH;0
fünf ;FALSCH;0
für ;FALSCH;1
für, ;FALSCH;1
fürwaswörter. ;FALSCH;0
fürwörter, ;FALSCH;0
fusselig. ;FALSCH;0
füßen: ;FALSCH;0
futtersprache, ;FALSCH;0
fütterte. ;FALSCH;0
fütterung ;FALSCH;0
gab ;FALSCH;0
gabeln ;FALSCH;0
gallertartiges. ;FALSCH;0
gänge, ;FALSCH;0
gänsen ;FALSCH;0
"gänsen 
";FALSCH;0
ganz ;FALSCH;0
ganzer ;FALSCH;0
gap ;FALSCH;0
gar ;FALSCH;0
gardemanger ;FALSCH;0
garden ;FALSCH;0
garderobe ;FALSCH;0
garne ;FALSCH;0
garnier ;FALSCH;0
garten ;FALSCH;0
gastwartend, ;FALSCH;0
gaumen ;FALSCH;0
gaumen, ;FALSCH;0
gebabelt, ;FALSCH;0
gebannt;FALSCH;0
gebe ;FALSCH;0
gebeugt. ;FALSCH;0
gebildet, ;FALSCH;0
"gebildete 
";FALSCH;0
gebinden ;FALSCH;0
geboren. ;FALSCH;0
geborgen, ;FALSCH;0
geborgte ;FALSCH;0
"gebrochen 
";FALSCH;0
gebubbelt, ;FALSCH;0
gedacht, ;FALSCH;0
gedacht: ;FALSCH;0
gedanke ;FALSCH;0
gedanke, ;FALSCH;0
gedankenschneisen. ;FALSCH;0
gedenken ;FALSCH;0
gedenkt ;FALSCH;0
gedicht, ;FALSCH;0
gedichts ;FALSCH;0
gedieht ;FALSCH;0
gedieht, ;FALSCH;0
gedrückt;FALSCH;0
gefangt, ;FALSCH;0
gefühl ;FALSCH;0
gefühlt ;FALSCH;0
geführt ;FALSCH;0
gegellt ;FALSCH;0
gegen ;FALSCH;0
gegenden ;FALSCH;0
gegenden, ;FALSCH;0
"gegensatz 
";FALSCH;0
gegenteil ;FALSCH;0
gegenüber ;FALSCH;0
gegenüberkopf ;FALSCH;0
gegolten, ;FALSCH;0
geh ;FALSCH;0
gehabt. ;FALSCH;0
gehäkeltes ;FALSCH;0
"gehalten 
";FALSCH;0
gehalten, ;FALSCH;0
gehauchtes ;FALSCH;0
gehege, ;FALSCH;0
geheimen ;FALSCH;0
gehen, ;FALSCH;0
gehen: ;FALSCH;0
"gehn 
";FALSCH;0
gehn, ;FALSCH;0
geholfen ;FALSCH;0
"gehört 
";FALSCH;0
"gehört) 
";FALSCH;0
gehts ;FALSCH;0
geistige ;FALSCH;0
gekleidet, ;FALSCH;0
gekoppelt? ;FALSCH;0
gelassen, ;FALSCH;0
gelben ;FALSCH;0
gelblicher ;FALSCH;0
geleerten ;FALSCH;0
gelegte ;FALSCH;0
gelegten ;FALSCH;0
gelerntes ;FALSCH;0
gelesen ;FALSCH;0
gelüpften ;FALSCH;0
gemacht. ;FALSCH;0
"gemacht) 
";FALSCH;0
gemeinsam ;FALSCH;0
gemeinsame ;FALSCH;0
gemeint ;FALSCH;0
gemeinwesen ;FALSCH;0
gemoppeltes ;FALSCH;0
genau ;FALSCH;0
genaue ;FALSCH;0
generalisierung: ;FALSCH;0
generally. ;FALSCH;0
genug ;FALSCH;0
"genug: 
";FALSCH;0
genug. ;FALSCH;0
genuss. ;FALSCH;0
geöffnet, ;FALSCH;0
gepflückten ;FALSCH;0
gepflückter ;FALSCH;0
geplagt, ;FALSCH;0
gepresst, ;FALSCH;0
gequakten, ;FALSCH;0
geräusch ;FALSCH;0
gericht: ;FALSCH;0
gering ;FALSCH;0
german ;FALSCH;0
gerne ;FALSCH;0
gerührt. ;FALSCH;0
gerüstbauern, ;FALSCH;0
gerüstnik, ;FALSCH;0
gesagt. ;FALSCH;0
gesankt, ;FALSCH;0
geschäft, ;FALSCH;0
geschlechtswörter, ;FALSCH;0
geschmeidig, ;FALSCH;0
geschnitzte ;FALSCH;0
geschnürt ;FALSCH;0
geschrieben, ;FALSCH;0
geschult: ;FALSCH;0
gesehen, ;FALSCH;0
gesehen. ;FALSCH;0
gesicht, ;FALSCH;0
gesicht. ;FALSCH;0
gesichter, ;FALSCH;0
gesichtsblindheit ;FALSCH;0
gesichtsfeldeinengung! ;FALSCH;0
gesottnes ;FALSCH;0
gespenster ;FALSCH;0
gespielt. ;FALSCH;0
"gespinst 
";FALSCH;0
gespräch ;FALSCH;0
gesprächen, ;FALSCH;0
gesprächspflücking, ;FALSCH;0
gestaltet ;FALSCH;0
gestellt. ;FALSCH;0
gestörte ;FALSCH;0
gestrandet ;FALSCH;0
gestundete ;FALSCH;0
geteiltes ;FALSCH;0
getragen ;FALSCH;0
getragene ;FALSCH;0
getroffen,;FALSCH;0
getrunken, ;FALSCH;0
getupft;FALSCH;0
getupfter ;FALSCH;0
gewebe ;FALSCH;0
geweben ;FALSCH;0
geweißt, ;FALSCH;0
gewichtigen ;FALSCH;0
gewissen ;FALSCH;0
gewissheit, ;FALSCH;0
gewittert. ;FALSCH;0
gewusste ;FALSCH;0
gewusste, ;FALSCH;0
gezeitenwechsel ;FALSCH;0
gezupftes ;FALSCH;0
"gib, 
";FALSCH;0
gibt ;FALSCH;0
gibts, ;FALSCH;0
ging ;FALSCH;0
ging, ;FALSCH;0
"girl 
";FALSCH;0
gischt ;FALSCH;0
gitterstäbe, ;FALSCH;0
give, ;FALSCH;0
glänzen, ;FALSCH;0
glänzender ;FALSCH;0
gläser, ;FALSCH;0
glattgestrichen ;FALSCH;0
glaubt ;FALSCH;0
gleiche ;FALSCH;0
gleiches ;FALSCH;0
gleichzeitiger ;FALSCH;0
gleiten ;FALSCH;0
glider ;FALSCH;0
glimmern ;FALSCH;0
"Glücksfall 
";FALSCH;0
good ;FALSCH;0
gossamer ;FALSCH;0
gossip ;FALSCH;0
gossiped ;FALSCH;0
grammatik, ;FALSCH;0
grand ;FALSCH;0
gras. ;FALSCH;0
green ;FALSCH;0
"greisen 
";FALSCH;0
grenzen ;FALSCH;0
grenzermund? ;FALSCH;0
grenzkompetenzlern ;FALSCH;0
grenzsicht. ;FALSCH;0
griffel ;FALSCH;0
Grimmsches ;FALSCH;0
grinsen ;FALSCH;0
grinsen, ;FALSCH;0
"groß 
";FALSCH;0
groß, ;FALSCH;0
großblättrigen ;FALSCH;0
große ;FALSCH;0
großen ;FALSCH;0
größer ;FALSCH;0
größere ;FALSCH;0
größeren ;FALSCH;0
grund.;FALSCH;0
gründe ;FALSCH;0
grunde, ;FALSCH;0
gründe, ;FALSCH;0
gründen ;FALSCH;0
grüne ;FALSCH;0
gruppe ;FALSCH;0
gums), ;FALSCH;0
gut, ;FALSCH;0
"gut."" 
";FALSCH;0
gute ;FALSCH;0
H,imigen ;FALSCH;0
haare ;FALSCH;0
haaren, ;FALSCH;0
hab ;FALSCH;0
"habch 
";FALSCH;0
hafen ;FALSCH;0
haifa, ;FALSCH;0
häkellichter, ;FALSCH;0
halb ;FALSCH;0
half ;FALSCH;0
hallo, ;FALSCH;0
halstücher, ;FALSCH;0
hält ;FALSCH;0
halt, ;FALSCH;0
hält? ;FALSCH;0
hält.;FALSCH;0
halten ;FALSCH;0
haltest ;FALSCH;0
haltestelle. ;FALSCH;0
hämmern, ;FALSCH;0
hand ;FALSCH;0
hand, ;FALSCH;0
handapparat ;FALSCH;0
hände ;FALSCH;0
händen, ;FALSCH;0
handschuhschnüren.;FALSCH;0
hang ;FALSCH;0
hängten, ;FALSCH;0
hart ;FALSCH;0
has ;FALSCH;1
"has 
";FALSCH;1
hat ;FALSCH;1
häubchen, ;FALSCH;0
häubte ;FALSCH;0
hauch. ;FALSCH;0
häufig, ;FALSCH;0
hauptbarde ;FALSCH;0
hauptgang ;FALSCH;0
hauptort ;FALSCH;0
haus, ;FALSCH;0
hause ;FALSCH;0
haut, ;FALSCH;0
haut! ;FALSCH;0
häutig, ;FALSCH;0
he ;FALSCH;0
he, ;FALSCH;0
heben ;FALSCH;0
heben, ;FALSCH;0
hechelzentrum ;FALSCH;0
hecke ;FALSCH;0
hecken ;FALSCH;0
hef ;FALSCH;0
heft, ;FALSCH;0
heim. ;FALSCH;0
Heimatland ;FALSCH;0
heimatländer ;FALSCH;0
heimis ;FALSCH;0
heimischer ;FALSCH;0
heimliche ;FALSCH;0
"heimliche 
";FALSCH;0
heimliches ;FALSCH;0
heimweh ;FALSCH;0
heiratsscheine, ;FALSCH;0
heißt ;FALSCH;0
"heißt 
";FALSCH;0
heißt, ;FALSCH;0
heißt: ;FALSCH;0
hellen ;FALSCH;0
heller ;FALSCH;0
her ;FALSCH;0
"her 
";FALSCH;0
her, ;FALSCH;0
her. ;FALSCH;0
heran, ;FALSCH;0
herfallen, ;FALSCH;0
hergetragen ;FALSCH;0
herkunft ;FALSCH;0
herrschte ;FALSCH;0
herum ;FALSCH;0
herumkauen ;FALSCH;0
heute ;FALSCH;0
hführungszeichen,;FALSCH;0
hielt, ;FALSCH;0
hielte ;FALSCH;0
hier ;FALSCH;0
hier, ;FALSCH;0
hier. ;FALSCH;0
hieß ;FALSCH;0
hin ;FALSCH;0
hin: ;FALSCH;0
hinein ;FALSCH;0
hinein, ;FALSCH;0
hineinfiel ;FALSCH;0
hinsichtlich ;FALSCH;0
hinten ;FALSCH;0
hinter ;FALSCH;0
hintergrund. ;FALSCH;0
hinterland ;FALSCH;0
hinterlassende ;FALSCH;0
hinterlässt, ;FALSCH;0
hinterm ;FALSCH;0
hinüberschaute, ;FALSCH;0
hinzu, ;FALSCH;0
hirn ;FALSCH;0
hisse: ;FALSCH;0
hoch, ;FALSCH;0
hochblätter, ;FALSCH;0
höchstens ;FALSCH;0
hohen ;FALSCH;0
hoher ;FALSCH;0
hol ;FALSCH;0
holes ;FALSCH;0
"holz 
";FALSCH;0
"holz. 
";FALSCH;0
home;FALSCH;0
hoppelten ;FALSCH;0
hoppla, ;FALSCH;0
höre ;FALSCH;0
höre: ;FALSCH;0
höre. ;FALSCH;0
hört ;FALSCH;0
hren ;FALSCH;0
hten, ;FALSCH;0
huckelt ;FALSCH;0
hüftblassen, ;FALSCH;0
hund ;FALSCH;0
hunde, ;FALSCH;0
hundefreund? ;FALSCH;0
hundezunge, ;FALSCH;0
hundezunge. ;FALSCH;0
hunger ;FALSCH;0
hungerstreik. ;FALSCH;0
hungrige ;FALSCH;0
"hüpfen 
";FALSCH;0
husse, ;FALSCH;0
husten, ;FALSCH;0
hut. ;FALSCH;0
i ;FALSCH;0
I ;FALSCH;0
i, ;FALSCH;0
i(• ;FALSCH;0
ich ;FALSCH;0
"ich 
";FALSCH;0
ich, ;FALSCH;0
ich: ;FALSCH;0
ich? ;FALSCH;0
icht ;FALSCH;0
idee ;FALSCH;0
identischen ;FALSCH;0
identität ;FALSCH;0
ie ;FALSCH;0
if ;FALSCH;0
ihn ;FALSCH;0
ihr ;FALSCH;0
ihr, ;FALSCH;0
ihr? ;FALSCH;0
ihre ;FALSCH;0
ihrem ;FALSCH;0
ihren ;FALSCH;0
ihrer ;FALSCH;0
im! ;FALSCH;0
immer ;FALSCH;0
immerhin ;FALSCH;0
indielufthauen, ;FALSCH;0
indogermanischen ;FALSCH;0
ineinander ;FALSCH;0
innen ;FALSCH;0
inneres ;FALSCH;0
inscriptions ;FALSCH;0
insel ;FALSCH;0
insel, ;FALSCH;0
Insel, ;FALSCH;0
inseln, ;FALSCH;0
interessanterweise ;FALSCH;0
inventar, ;FALSCH;0
irgendwas ;FALSCH;0
irgendwie ;FALSCH;0
irisierende ;FALSCH;0
irre ;FALSCH;0
irritierend ;FALSCH;0
irritierende ;FALSCH;0
isch ;FALSCH;0
isst, ;FALSCH;0
ja ;FALSCH;0
ja, ;FALSCH;0
ja: ;FALSCH;0
jaffa, ;FALSCH;0
jagen ;FALSCH;0
jahre ;FALSCH;0
jahrelang ;FALSCH;0
jahren ;FALSCH;0
"jahren 
";FALSCH;0
jahres, ;FALSCH;0
jakobson, ;FALSCH;0
jauchzen ;FALSCH;0
je ;FALSCH;0
jede ;FALSCH;0
jede ,naß ;FALSCH;0
jede, ;FALSCH;0
"jedem 
";FALSCH;0
jeden ;FALSCH;0
jedenfalls ;FALSCH;0
jedes ;FALSCH;0
jemand ;FALSCH;0
jetzt ;FALSCH;0
jetzt, ;FALSCH;0
jetzt) ;FALSCH;0
juckt ;FALSCH;0
juckte ;FALSCH;0
juckte, ;FALSCH;0
jugend! ;FALSCH;0
jungen ;FALSCH;0
jungend ;FALSCH;0
just ;FALSCH;0
kaffee ;FALSCH;0
kairo, ;FALSCH;0
kalk. ;FALSCH;0
kalt ;FALSCH;0
kalt, ;FALSCH;0
kalte ;FALSCH;0
kaltes ;FALSCH;0
kam ;FALSCH;0
käm ;FALSCH;0
kam, ;FALSCH;0
Kamel ;FALSCH;0
kamen ;FALSCH;0
kann ;FALSCH;0
kann, ;FALSCH;0
kannst, ;FALSCH;0
kannten ;FALSCH;0
kanzlerin, ;FALSCH;0
kapernnest? ;FALSCH;0
kapier ;FALSCH;0
karren ;FALSCH;0
karrte, ;FALSCH;0
karte ;FALSCH;0
karten? ;FALSCH;0
kartenspiel ;FALSCH;0
kassetten ;FALSCH;0
kauend, ;FALSCH;0
kaum ;FALSCH;0
keeps ;FALSCH;0
kein ;FALSCH;0
keine ;FALSCH;0
keinem ;FALSCH;0
keinen ;FALSCH;0
keiner ;FALSCH;0
keins, ;FALSCH;0
keks ;FALSCH;0
kelle, ;FALSCH;0
keller ;FALSCH;0
kenne, ;FALSCH;0
kennt ;FALSCH;0
kennt, ;FALSCH;0
kern ;FALSCH;0
kerngrammatik, ;FALSCH;0
kernnähe ;FALSCH;0
kerze ;FALSCH;0
"kerzen 
";FALSCH;0
kiefergarten ;FALSCH;0
kiefern ;FALSCH;0
kiefern, ;FALSCH;0
kiesel ;FALSCH;0
kind ;FALSCH;0
kind, ;FALSCH;0
kinder ;FALSCH;0
kindermund: ;FALSCH;0
kindersprache, ;FALSCH;0
kinderwagens, ;FALSCH;0
kindes ;FALSCH;0
kindhaben ;FALSCH;0
kindheit ;FALSCH;0
kindliche ;FALSCH;0
kindlichen ;FALSCH;0
kinn;FALSCH;0
kissen ;FALSCH;0
kissen. ;FALSCH;0
kl. ;FALSCH;0
"kl. 
";FALSCH;0
klackert ;FALSCH;0
klafft ;FALSCH;0
klamm ;FALSCH;0
klamotten, ;FALSCH;0
klang, ;FALSCH;0
klappen, ;FALSCH;0
klassen ;FALSCH;0
klaviere! ;FALSCH;0
klebrigen ;FALSCH;0
klee, ;FALSCH;0
"kleid 
";FALSCH;0
klein, ;FALSCH;0
kleine ;FALSCH;0
kleine, ;FALSCH;0
kleinen ;FALSCH;0
kleiner ;FALSCH;0
kleiner, ;FALSCH;0
kleines ;FALSCH;0
klinge ;FALSCH;0
klingt, ;FALSCH;0
klobige ;FALSCH;0
knarzigem ;FALSCH;0
knarzte, ;FALSCH;0
knie, ;FALSCH;0
knie. ;FALSCH;0
kniffe, ;FALSCH;0
knistern, ;FALSCH;0
knöpfe ;FALSCH;0
knoten ;FALSCH;0
knoten, ;FALSCH;0
"knötgen 
";FALSCH;0
"know : 
";FALSCH;0
knows. ;FALSCH;0
"knüpffen 
";FALSCH;0
knüpft ;FALSCH;0
koffer ;FALSCH;0
kokolores;FALSCH;0
kolonne ;FALSCH;0
kolonnenleiter, ;FALSCH;0
komitee, ;FALSCH;0
kommen ;FALSCH;0
kommen, ;FALSCH;0
kommendem, ;FALSCH;0
kommendes ;FALSCH;0
kommendes, ;FALSCH;0
kommt ;FALSCH;0
kommt, ;FALSCH;0
kommunizieren, ;FALSCH;0
kompakt, ;FALSCH;0
kompass. ;FALSCH;0
"komplott 
";FALSCH;0
könig ;FALSCH;0
königin ;FALSCH;0
königs: ;FALSCH;0
können ;FALSCH;0
konnotation, ;FALSCH;0
könnte ;FALSCH;0
könnten ;FALSCH;0
konnten, ;FALSCH;0
konstantinopel, ;FALSCH;0
"konversation 
";FALSCH;0
"konversion 
";FALSCH;0
konzept ;FALSCH;0
kopf ;FALSCH;0
kopf, ;FALSCH;0
kopf. ;FALSCH;0
köpfchen ;FALSCH;0
köpfe ;FALSCH;0
kopflose ;FALSCH;0
kopfsteinpflaster ;FALSCH;0
kopier ;FALSCH;0
koppelbrüder ;FALSCH;0
koppelzwilling, ;FALSCH;0
koppelzwillings. ;FALSCH;0
körbe, ;FALSCH;0
körbe: ;FALSCH;0
korn ;FALSCH;0
körner, ;FALSCH;0
körper ;FALSCH;0
körper, ;FALSCH;0
körperatem, ;FALSCH;0
kost ;FALSCH;0
kostüm, ;FALSCH;0
kräftigen ;FALSCH;0
krähen, ;FALSCH;0
kran, ;FALSCH;0
kräne ;FALSCH;0
kreide ;FALSCH;0
kreisrunden ;FALSCH;0
kreisstadt, ;FALSCH;0
kreiste, ;FALSCH;0
"kreiste"" 
";FALSCH;0
kressekästchen ;FALSCH;0
kreuze ;FALSCH;0
kreuzung ;FALSCH;0
"kreuzung? 
";FALSCH;0
kreuzzehn. ;FALSCH;0
krieg ;FALSCH;0
kriterien ;FALSCH;0
krumen. ;FALSCH;0
krummen ;FALSCH;0
krümmen, ;FALSCH;0
küchen. ;FALSCH;0
kugeln ;FALSCH;0
kugelsturm, ;FALSCH;0
kühl ;FALSCH;0
kuhle, ;FALSCH;0
kühler? ;FALSCH;0
kühner ;FALSCH;0
kühneres ;FALSCH;0
kummersieb ;FALSCH;0
künste, ;FALSCH;0
kuppe ;FALSCH;0
kurt ;FALSCH;0
kurz ;FALSCH;0
kurze ;FALSCH;0
kurzem ;FALSCH;0
küsten ;FALSCH;0
küstendüne ;FALSCH;0
küstenwärter ;FALSCH;0
lace ;FALSCH;0
"lace 
";FALSCH;0
lack ;FALSCH;0
lacking. ;FALSCH;0
lag ;FALSCH;0
lage ;FALSCH;0
lage, ;FALSCH;0
lage. ;FALSCH;0
lagen ;FALSCH;0
lagen, ;FALSCH;0
lahm ;FALSCH;0
lähmung, ;FALSCH;0
lallen, ;FALSCH;0
lallphase, ;FALSCH;0
lampen ;FALSCH;0
land ;FALSCH;0
land, ;FALSCH;0
"landarten 
";FALSCH;0
landen ;FALSCH;0
länder ;FALSCH;0
"landstrich"". ";FALSCH;0
lang ;FALSCH;0
lange ;FALSCH;0
langhin ;FALSCH;0
lanzettlicher ;FALSCH;0
lassen ;FALSCH;1
lassen, ;FALSCH;1
lassen. ;FALSCH;1
lässt ;FALSCH;1
lasten ;FALSCH;0
lasten, ;FALSCH;0
laster ;FALSCH;0
lateinisch ;FALSCH;0
laterne ;FALSCH;0
lauf ;FALSCH;0
lauf, ;FALSCH;0
lauschen ;FALSCH;0
lauschte, ;FALSCH;0
"laut 
";FALSCH;0
lautackerchen ;FALSCH;0
lautbauen ;FALSCH;0
lautbaustörung ;FALSCH;0
lautbestandes ;FALSCH;0
laute ;FALSCH;0
laute, ;FALSCH;0
lauten, ;FALSCH;0
lauter ;FALSCH;0
lauteres ;FALSCH;0
lautet ;FALSCH;0
läutete ;FALSCH;0
lautkette, ;FALSCH;0
lautlichen ;FALSCH;0
lautwechsel ;FALSCH;0
least ;FALSCH;0
lebensmittelpunkt. ;FALSCH;0
lebenszweck ;FALSCH;0
leer, ;FALSCH;0
leere ;FALSCH;0
leere. ;FALSCH;0
lege ;FALSCH;0
legen ;FALSCH;0
legen, ;FALSCH;0
lehre. ;FALSCH;0
leicht ;FALSCH;0
leichtere ;FALSCH;0
leichtfuß, ;FALSCH;0
leiden ;FALSCH;0
"leiden 
";FALSCH;0
leiser ;FALSCH;0
"leiseren 
";FALSCH;0
leit ;FALSCH;0
lemberg, ;FALSCH;0
lengevitch ;FALSCH;0
lengevitch, ;FALSCH;0
lerne, ;FALSCH;0
lernen, ;FALSCH;0
Lerrine. ;FALSCH;0
lesamt, ;FALSCH;0
lets ;FALSCH;0
letztem ;FALSCH;0
letzten ;FALSCH;0
Leuchten;FALSCH;0
leuchten. ;FALSCH;0
leuchtend, ;FALSCH;0
leuchtende ;FALSCH;0
leuchtet ;FALSCH;0
leute ;FALSCH;0
lexik, ;FALSCH;0
"licht 
";FALSCH;0
licht. ;FALSCH;0
lichtwerk, ;FALSCH;0
"lid, 
";FALSCH;0
liebe ;FALSCH;0
liebkosten, ;FALSCH;0
lieder ;FALSCH;0
liefen ;FALSCH;0
liefert ;FALSCH;0
lieferte, ;FALSCH;0
lieg ;FALSCH;0
liegen ;FALSCH;0
liegen, ;FALSCH;0
liegt ;FALSCH;0
liegt, ;FALSCH;0
ließ ;FALSCH;1
ließ, ;FALSCH;1
liest ;FALSCH;0
like ;FALSCH;0
linen ;FALSCH;0
linien, ;FALSCH;0
lining ;FALSCH;0
links ;FALSCH;0
links? ;FALSCH;0
lippen, ;FALSCH;0
listen, ;FALSCH;0
littlegitter, ;FALSCH;0
"loch 
";FALSCH;0
löcher ;FALSCH;0
"löcher 
";FALSCH;0
long ;FALSCH;0
look ;FALSCH;0
looking ;FALSCH;0
looping ;FALSCH;0
loosen ;FALSCH;0
los. ;FALSCH;0
löschblatt ;FALSCH;0
lose ;FALSCH;0
lösen ;FALSCH;0
"losen 
";FALSCH;0
lücke ;FALSCH;0
lücken, ;FALSCH;0
luft ;FALSCH;0
luft, ;FALSCH;0
luftblasensprache, ;FALSCH;0
lüften ;FALSCH;0
luld ;FALSCH;0
lurken, ;FALSCH;0
mach ;FALSCH;1
machen ;FALSCH;1
machen, ;FALSCH;1
macht ;FALSCH;0
machte ;FALSCH;1
machte, ;FALSCH;1
mädchen ;FALSCH;0
mädchen, ;FALSCH;0
made ;FALSCH;1
make ;FALSCH;1
making ;FALSCH;1
mal ;FALSCH;1
"mal 
";FALSCH;1
mal? ;FALSCH;1
"mal? 
";FALSCH;1
mal.;FALSCH;1
malheur. ;FALSCH;0
man ;FALSCH;0
man, ;FALSCH;0
man. ;FALSCH;0
manche ;FALSCH;0
manchen ;FALSCH;0
manches, ;FALSCH;0
manchmal ;FALSCH;0
mangel, ;FALSCH;0
mann. ;FALSCH;0
mantels ;FALSCH;0
mäppchen ;FALSCH;0
mäppchen? ;FALSCH;0
märchen, ;FALSCH;0
märchen) ;FALSCH;0
mariniert: ;FALSCH;0
marktplatz ;FALSCH;0
märz, ;FALSCH;0
märzlese: ;FALSCH;0
märzsonne. ;FALSCH;0
mästen, ;FALSCH;0
material, ;FALSCH;0
mauern, ;FALSCH;0
maul, ;FALSCH;0
mäusezähnen ;FALSCH;0
me ;FALSCH;0
mean ;FALSCH;0
means ;FALSCH;0
meer ;FALSCH;0
"meer 
";FALSCH;0
meer, ;FALSCH;0
mehr ;FALSCH;0
mehr. ;FALSCH;0
mehrsprachig ;FALSCH;0
mehrspuriges ;FALSCH;0
mehrzimmeretage, ;FALSCH;0
mein ;FALSCH;0
meine ;FALSCH;0
meinem ;FALSCH;0
meinen ;FALSCH;0
meiner ;FALSCH;0
meinliche ;FALSCH;0
meint ;FALSCH;0
menschen, ;FALSCH;0
menschenblüte ;FALSCH;0
merely ;FALSCH;0
merkwürdiges ;FALSCH;0
mesmer ;FALSCH;0
mich ;FALSCH;0
milchbahnen ;FALSCH;0
milchiger ;FALSCH;0
milchmolarklee, ;FALSCH;0
milchwangig, ;FALSCH;0
"mildern 
";FALSCH;0
milz ;FALSCH;0
mind ;FALSCH;0
mingeln, ;FALSCH;0
mir ;FALSCH;0
mir, ;FALSCH;0
mischung ;FALSCH;0
mit ;FALSCH;0
"mit 
";FALSCH;0
mit, ;FALSCH;0
miteinander ;FALSCH;0
"mitführen 
";FALSCH;0
mittag, ;FALSCH;0
mitte ;FALSCH;0
mittendrin ;FALSCH;0
mittens. ;FALSCH;0
"mn.* 
";FALSCH;0
"mnrkenware"", ";FALSCH;0
mobiles ;FALSCH;0
möglich ;FALSCH;0
möglich. ;FALSCH;0
moi, ;FALSCH;0
molare, ;FALSCH;0
moosweiches ;FALSCH;0
more ;FALSCH;0
more. ;FALSCH;0
morgen ;FALSCH;0
morgen, ;FALSCH;0
morgens, ;FALSCH;0
morphende ;FALSCH;0
morphoformen ;FALSCH;0
movable ;FALSCH;0
moving ;FALSCH;0
mücke ;FALSCH;0
"müder 
";FALSCH;0
müdes ;FALSCH;0
mühsames ;FALSCH;0
multipli, ;FALSCH;0
mund ;FALSCH;0
mund- ;FALSCH;0
mund, ;FALSCH;0
mund. ;FALSCH;0
mundart ;FALSCH;0
munddach, ;FALSCH;0
münder ;FALSCH;0
mundhimmel ;FALSCH;0
"mündige 
";FALSCH;0
mundstülpen ;FALSCH;0
muscheln ;FALSCH;0
muster ;FALSCH;0
mustern ;FALSCH;0
mutter, ;FALSCH;0
müttern ;FALSCH;0
muttersprach, ;FALSCH;0
muttersprache ;FALSCH;0
mützen ;FALSCH;0
my ;FALSCH;0
na ;FALSCH;0
nach ;FALSCH;0
nach? ;FALSCH;0
"nach), 
";FALSCH;0
nachbarliche ;FALSCH;0
nachmittag ;FALSCH;0
nachricht, ;FALSCH;0
nachrichten ;FALSCH;0
nächsten ;FALSCH;0
nacht, ;FALSCH;0
nacht. ;FALSCH;0
nachtneben, ;FALSCH;0
nachts ;FALSCH;0
nachts, ;FALSCH;0
nachtsagen ;FALSCH;0
nadel ;FALSCH;0
nadeln ;FALSCH;0
"Nadelöhr?) 
";FALSCH;0
nah ;FALSCH;0
nähe ;FALSCH;0
nähe, ;FALSCH;0
näher ;FALSCH;0
nahes ;FALSCH;0
nähesprache ;FALSCH;0
nahezu ;FALSCH;0
nahm ;FALSCH;0
"Nahrung 
";FALSCH;0
nahrung. ;FALSCH;0
nähst ;FALSCH;0
naht ;FALSCH;0
"name 
";FALSCH;0
namely ;FALSCH;0
namen ;FALSCH;0
namenlosere ;FALSCH;0
nämlich ;FALSCH;0
nannte ;FALSCH;0
närrchen.;FALSCH;0
nase ;FALSCH;0
nase, ;FALSCH;0
nase. ;FALSCH;0
nasse ;FALSCH;0
"nasses 
";FALSCH;0
native ;FALSCH;0
naturmagische ;FALSCH;0
nbwesenheiten, ;FALSCH;0
nebel ;FALSCH;0
nebelschwaden ;FALSCH;0
nebelstränge ;FALSCH;0
neben ;FALSCH;0
nebenblätter, ;FALSCH;0
nebendraußen, ;FALSCH;0
nebenzimmer, ;FALSCH;0
need ;FALSCH;0
nehm ;FALSCH;0
nehmen, ;FALSCH;0
neigen ;FALSCH;0
nein, ;FALSCH;0
Nelly ;FALSCH;0
nenne ;FALSCH;0
nennen ;FALSCH;0
nennsport, ;FALSCH;0
nennt ;FALSCH;0
nennt, ;FALSCH;0
nervenenden ;FALSCH;0
netz ;FALSCH;0
netze ;FALSCH;0
netzen ;FALSCH;0
netzten ;FALSCH;0
neue ;FALSCH;0
neuguinea ;FALSCH;0
ng ;FALSCH;0
nice. ;FALSCH;0
nicht ;FALSCH;0
"nicht 
";FALSCH;0
nicht, ;FALSCH;0
nicht: ;FALSCH;0
nicht. ;FALSCH;0
nicht) ;FALSCH;0
nichts ;FALSCH;0
nichts. ;FALSCH;0
"nichts."" ";FALSCH;0
nie ;FALSCH;0
niedergelegt, ;FALSCH;0
niederkommen, ;FALSCH;0
niederkunft ;FALSCH;0
niemals ;FALSCH;0
niemand ;FALSCH;0
nimmt ;FALSCH;0
nische, ;FALSCH;0
nisten, ;FALSCH;0
no ;FALSCH;0
NO ;FALSCH;0
non, ;FALSCH;0
nostalgische ;FALSCH;0
not ;FALSCH;0
notation, ;FALSCH;0
notieren: ;FALSCH;0
notunterkunft, ;FALSCH;0
nthielten ;FALSCH;0
nu ;FALSCH;0
nuckernder ;FALSCH;0
nuf. ;FALSCH;0
null ;FALSCH;0
nummern ;FALSCH;0
nur ;FALSCH;0
nutzen. ;FALSCH;0
"oberen 
";FALSCH;0
"object)"" 
";FALSCH;0
obwohl, ;FALSCH;0
"occhi 
";FALSCH;0
"occhifötzchen 
";FALSCH;0
occhispitze ;FALSCH;0
och ;FALSCH;0
of ;FALSCH;1
offen ;FALSCH;0
offen, ;FALSCH;0
öffentlichen ;FALSCH;0
öffnen ;FALSCH;0
offnes ;FALSCH;0
öffnung ;FALSCH;0
"oflärm 
";FALSCH;0
oft ;FALSCH;0
ofthings. ;FALSCH;0
ofwhat. ;FALSCH;0
oh ;FALSCH;0
ohne ;FALSCH;0
"öhr 
";FALSCH;0
ohr. ;FALSCH;0
ohren ;FALSCH;0
"öhren 
";FALSCH;0
ohrgespitzt, ;FALSCH;0
old ;FALSCH;0
olles ;FALSCH;0
one;FALSCH;0
one ;FALSCH;0
orange ;FALSCH;0
Orange ;FALSCH;0
orangen;FALSCH;0
orangen ;FALSCH;0
orangen, ;FALSCH;0
"orangenpoetiqqqqq 
";FALSCH;0
order;FALSCH;0
ordnungen. ;FALSCH;0
organ ;FALSCH;0
organe, ;FALSCH;0
organs, ;FALSCH;0
organs. ;FALSCH;0
orphans ;FALSCH;0
örtlich. ;FALSCH;0
Ösen ;FALSCH;0
osterglocken, ;FALSCH;0
östliches ;FALSCH;0
other ;FALSCH;0
otherweiß, ;FALSCH;0
ouschn, ;FALSCH;0
paar ;FALSCH;0
paarige ;FALSCH;0
päckchen, ;FALSCH;0
packte ;FALSCH;0
pailletten ;FALSCH;0
pakete, ;FALSCH;0
palmenlücken ;FALSCH;0
paperflowern: ;FALSCH;0
papiere. ;FALSCH;0
papiervorgänge. ;FALSCH;0
papillen, ;FALSCH;0
parat. ;FALSCH;0
parks, ;FALSCH;0
parole ;FALSCH;0
part ;FALSCH;0
"parts 
";FALSCH;0
"passten, 
";FALSCH;0
pattern ;FALSCH;0
pause ;FALSCH;0
periphere ;FALSCH;0
permutiert, ;FALSCH;0
"person 
";FALSCH;0
personal, ;FALSCH;0
personen ;FALSCH;0
pfeifen ;FALSCH;0
pferdchen ;FALSCH;0
pflanze ;FALSCH;0
pflanze, ;FALSCH;0
pflicht. ;FALSCH;0
phantasieren, ;FALSCH;0
phantomartiges ;FALSCH;0
phase ;FALSCH;0
philosophen. ;FALSCH;0
picknickbrigaden, ;FALSCH;0
picot ;FALSCH;0
Pin, ;FALSCH;0
pine ;FALSCH;0
pinkle, ;FALSCH;0
pinseln ;FALSCH;0
pionierlager, ;FALSCH;0
planen, ;FALSCH;0
platten ;FALSCH;0
platzt;FALSCH;0
plaua ;FALSCH;0
plosiven, ;FALSCH;0
plötzlich ;FALSCH;0
plötzlichen ;FALSCH;0
poesie. ;FALSCH;0
poison, ;FALSCH;0
"poisson, 
";FALSCH;0
politisch, ;FALSCH;0
polymorphholpern ;FALSCH;0
pralle ;FALSCH;0
principle ;FALSCH;0
prison. ;FALSCH;0
pro ;FALSCH;0
probier ;FALSCH;0
probten ;FALSCH;0
projekt, ;FALSCH;0
prozedur, ;FALSCH;0
prrr ;FALSCH;0
"prrr 
";FALSCH;0
psychopathologischen ;FALSCH;0
puckerten ;FALSCH;0
putzen, ;FALSCH;0
quadranten, ;FALSCH;0
quaken ;FALSCH;0
quellen ;FALSCH;0
querulanten, ;FALSCH;0
racker, ;FALSCH;0
rädchen ;FALSCH;0
radiese ;FALSCH;0
rage, ;FALSCH;0
ragten ;FALSCH;0
rahmen ;FALSCH;0
rahmen, ;FALSCH;0
ran, ;FALSCH;0
ran. ;FALSCH;0
rand ;FALSCH;0
rand, ;FALSCH;0
ränder ;FALSCH;0
rändern ;FALSCH;0
rändern, ;FALSCH;0
rändlicher ;FALSCH;0
range ;FALSCH;0
rangieren ;FALSCH;0
rangiermaterial. ;FALSCH;0
rattern ;FALSCH;0
"rattled 
";FALSCH;0
rau ;FALSCH;0
raum, ;FALSCH;0
räumen ;FALSCH;0
raus ;FALSCH;0
raus, ;FALSCH;0
raus: ;FALSCH;0
rechenzentrum, ;FALSCH;0
recht ;FALSCH;0
rechte ;FALSCH;0
rechts ;FALSCH;0
recke, ;FALSCH;0
recogniziert. ;FALSCH;0
recognizing ;FALSCH;0
rede, ;FALSCH;0
regalen, ;FALSCH;0
regel ;FALSCH;0
regen ;FALSCH;0
regen, ;FALSCH;0
regung. ;FALSCH;0
reibefläche, ;FALSCH;0
reichen ;FALSCH;0
reichen. ;FALSCH;0
reigen ;FALSCH;0
reihenfolge ;FALSCH;0
rein, ;FALSCH;0
rein, ,,it ;FALSCH;0
Reisen ;FALSCH;0
reisen, ;FALSCH;0
reiter ;FALSCH;0
reiterahnung, ;FALSCH;0
"reiz 
";FALSCH;0
relief) ;FALSCH;0
"reliefs 
";FALSCH;0
remember. ;FALSCH;0
repeat;FALSCH;0
repeat, ;FALSCH;0
"repeating 
";FALSCH;0
residenz. ;FALSCH;0
residenzpflicht. ;FALSCH;0
revolte: ;FALSCH;0
ribbelt, ;FALSCH;0
ribbit, ;FALSCH;0
richtet ;FALSCH;0
richtete ;FALSCH;0
richtung ;FALSCH;0
richtung, ;FALSCH;0
riddle. ;FALSCH;0
rideren ;FALSCH;0
rief ;FALSCH;0
riffel ;FALSCH;0
rindermarkt. ;FALSCH;0
ring ;FALSCH;0
"ringbildung 
";FALSCH;0
ringding, ;FALSCH;0
rippelnder ;FALSCH;0
rippig, ;FALSCH;0
robbt, ;FALSCH;0
rock.;FALSCH;0
rollen, ;FALSCH;0
rostigem ;FALSCH;0
rote ;FALSCH;0
roten ;FALSCH;0
ruckelbrücke, ;FALSCH;0
rücken ;FALSCH;0
Rückkehr ;FALSCH;0
ruckt ;FALSCH;0
ruf ;FALSCH;0
rufe ;FALSCH;0
ruft ;FALSCH;0
ruhe ;FALSCH;0
ruhiger ;FALSCH;0
rum ;FALSCH;0
rum, ;FALSCH;0
rumpelt ;FALSCH;0
runde ;FALSCH;0
rundgeschliffenen ;FALSCH;0
rundum ;FALSCH;0
"runter 
";FALSCH;0
rupfe ;FALSCH;0
rutschen, ;FALSCH;0
sache ;FALSCH;0
sache ) ;FALSCH;0
sache, ;FALSCH;0
sachen ;FALSCH;0
"sächlich 
";FALSCH;0
Sachs;FALSCH;0
sack, ;FALSCH;0
saftig ;FALSCH;0
sag ;FALSCH;0
sage ;FALSCH;0
sage: ;FALSCH;0
sagen ;FALSCH;0
sagen, ;FALSCH;0
sagen: ;FALSCH;0
"sagen: 
";FALSCH;0
sagen.;FALSCH;0
sagen. ;FALSCH;0
sagt ;FALSCH;0
"sagt 
";FALSCH;0
sägt, ;FALSCH;0
sagt: ;FALSCH;0
sagte ;FALSCH;0
"sagte 
";FALSCH;0
sagten, ;FALSCH;0
sagtest ;FALSCH;0
sagtest: ;FALSCH;0
sah ;FALSCH;0
sahen ;FALSCH;0
"sailor 
";FALSCH;0
salzig, ;FALSCH;0
samen ;FALSCH;0
sammeln, ;FALSCH;0
sammelnder ;FALSCH;0
samt ;FALSCH;0
samtiges, ;FALSCH;0
sand ;FALSCH;0
sand, ;FALSCH;0
sandgefälle, ;FALSCH;0
sandkiddies, ;FALSCH;0
sandkörnern ;FALSCH;0
sanft ;FALSCH;0
sanft .chwappten. ;FALSCH;0
saßen ;FALSCH;0
sat. ;FALSCH;0
satz ;FALSCH;0
satz. ;FALSCH;0
sauberes ;FALSCH;0
saugend. ;FALSCH;0
sauglaut, ;FALSCH;0
saum ;FALSCH;0
saures ;FALSCH;0
say ;FALSCH;0
says ;FALSCH;0
schabracke ;FALSCH;0
schabracke, ;FALSCH;0
schalen ;FALSCH;0
schalen, ;FALSCH;0
schält ;FALSCH;0
scharfe, ;FALSCH;0
scharfer ;FALSCH;0
schärpe ;FALSCH;0
schartigen ;FALSCH;0
schatten ;FALSCH;0
schatten, ;FALSCH;0
schaufliger ;FALSCH;0
schaukeln ;FALSCH;0
schaukelstücke, ;FALSCH;0
schaun) ;FALSCH;0
schaut ;FALSCH;0
"scheide 
";FALSCH;0
scheiden ;FALSCH;0
scheidungsbriefe. ;FALSCH;0
schein. ;FALSCH;0
scheit? ;FALSCH;0
schenkt ;FALSCH;0
schichten, ;FALSCH;0
schickt ;FALSCH;0
schiebt ;FALSCH;0
schiefe ;FALSCH;0
"schiefes 
";FALSCH;0
schiffchen ;FALSCH;0
"schiffchen 
";FALSCH;0
schiffchen, ;FALSCH;0
schimmerschaft ;FALSCH;0
schimmert ;FALSCH;0
schimmerte ;FALSCH;0
schlabbrig ;FALSCH;0
schlackrig, ;FALSCH;0
schlaf ;FALSCH;0
schlafanzug ;FALSCH;0
schlafbänder, ;FALSCH;0
schlafen ;FALSCH;0
schläfen. ;FALSCH;0
schläft ;FALSCH;0
"schlag 
";FALSCH;0
schlagen ;FALSCH;0
"schlägt 
";FALSCH;0
schlangen ;FALSCH;0
"schlaufe 
";FALSCH;0
schlaufen ;FALSCH;0
"schlaufenlaut 
";FALSCH;0
schlecht, ;FALSCH;0
schleier. ;FALSCH;0
schleppe ;FALSCH;0
schleusen ;FALSCH;0
schließ ;FALSCH;0
schließen ;FALSCH;0
schließlich ;FALSCH;0
schlingen ;FALSCH;0
"schlingen 
";FALSCH;0
"schlingen"" 
";FALSCH;0
schlingenbildung ;FALSCH;0
schlingt ;FALSCH;0
schlossvorhänge, ;FALSCH;0
schlucken ;FALSCH;0
schluckte: ;FALSCH;0
schlug ;FALSCH;0
schlugen ;FALSCH;0
schlummerig ;FALSCH;0
schlungene ;FALSCH;0
schluss ;FALSCH;0
schlüsselblumen ;FALSCH;0
schmale ;FALSCH;0
schmalen ;FALSCH;0
schmaus ;FALSCH;0
schmelzsprech ;FALSCH;0
schmerzen ;FALSCH;0
schmiegt, ;FALSCH;0
schmiegte ;FALSCH;0
schmuggelten ;FALSCH;0
schnabel, ;FALSCH;0
schnalzen, ;FALSCH;0
schnapp ;FALSCH;0
schnatternden ;FALSCH;0
schnaufend, ;FALSCH;0
schnee ;FALSCH;0
schnee: ;FALSCH;0
schnee. ;FALSCH;0
schneedecken ;FALSCH;0
schneeporträts ;FALSCH;0
schneidefläche, ;FALSCH;0
schneien ;FALSCH;0
schneisen ;FALSCH;0
schnickschnack, ;FALSCH;0
schnipselsprache ;FALSCH;0
schnittenfregatten, ;FALSCH;0
schnuppern, ;FALSCH;0
"schönheit 
";FALSCH;0
schräg ;FALSCH;0
schreckschlaf, ;FALSCH;0
schreckte ;FALSCH;0
schrei. ;FALSCH;0
schreiben, ;FALSCH;0
schreibt ;FALSCH;0
schreibt: ;FALSCH;0
schrieb ;FALSCH;0
schriebs ;FALSCH;0
schriee, ;FALSCH;0
schritte ;FALSCH;0
schroffer ;FALSCH;0
schulter ;FALSCH;0
schüsseln ;FALSCH;0
schüsselworte ;FALSCH;0
schüttelt ;FALSCH;0
schwalben, ;FALSCH;0
schwall ;FALSCH;0
schwanken, ;FALSCH;0
"schwantretboot 
";FALSCH;0
schwanz ;FALSCH;0
schwappt ;FALSCH;0
"schwarm, 
";FALSCH;0
schwarz, ;FALSCH;0
schwarze ;FALSCH;0
schwarzem ;FALSCH;0
schwarzen ;FALSCH;0
schweben ;FALSCH;0
schwebende ;FALSCH;0
schwebt ;FALSCH;0
schwebten ;FALSCH;0
schweigen. ;FALSCH;0
schweigend ;FALSCH;0
schwemmen ;FALSCH;0
schwemmt ;FALSCH;0
schwer ;FALSCH;0
schwere ;FALSCH;0
schwimmend ;FALSCH;0
schwitters, ;FALSCH;0
schwofen ;FALSCH;0
se ;FALSCH;0
sechs ;FALSCH;0
see ;FALSCH;0
"see 
";FALSCH;0
see. ;FALSCH;0
seeing ;FALSCH;0
seemann ;FALSCH;0
seemanns ;FALSCH;0
segel ;FALSCH;0
sehen ;FALSCH;0
sehen: ;FALSCH;0
sehl, ;FALSCH;0
sehn. ;FALSCH;0
sehnte ;FALSCH;0
seidene ;FALSCH;0
seile ;FALSCH;0
"sein: ,,schnurz"". ";FALSCH;0
seite ;FALSCH;0
selber ;FALSCH;0
selbst ;FALSCH;0
selbstlaute ;FALSCH;0
selbstschäumend, ;FALSCH;0
sendung ;FALSCH;0
setzt. ;FALSCH;0
"shaking 
";FALSCH;0
show ;FALSCH;0
shuttle ;FALSCH;0
"shuttle 
";FALSCH;0
"shuttles 
";FALSCH;0
sichtbar ;FALSCH;0
sichtbares ;FALSCH;0
sickerlicht ;FALSCH;0
side ;FALSCH;0
sie ;FALSCH;0
"sie 
";FALSCH;0
sie: ;FALSCH;0
sieben ;FALSCH;0
siedlung ;FALSCH;0
sieh ;FALSCH;0
sieht, ;FALSCH;0
sies ;FALSCH;0
signale ;FALSCH;0
silben ;FALSCH;0
simsen, ;FALSCH;0
sing, ;FALSCH;0
singsang ;FALSCH;0
sinne ;FALSCH;0
sinnkette, ;FALSCH;0
sippe ;FALSCH;0
sist ;FALSCH;0
sitte ;FALSCH;0
sitze, ;FALSCH;0
sitzen ;FALSCH;0
"sitzen 
";FALSCH;0
sitzen, ;FALSCH;0
sitzt ;FALSCH;0
skalen ;FALSCH;0
skandinavischen ;FALSCH;0
small,;FALSCH;0
small, ;FALSCH;0
snort, ;FALSCH;0
socken ;FALSCH;0
"solange 
";FALSCH;0
solidarisieren, ;FALSCH;0
solide ;FALSCH;0
soll ;FALSCH;1
sollte. ;FALSCH;1
sollten ;FALSCH;1
solos ;FALSCH;0
something ;FALSCH;0
sonne, ;FALSCH;0
sonst ;FALSCH;0
sorgen, ;FALSCH;0
sort, ;FALSCH;0
sorte, ;FALSCH;0
sortierten ;FALSCH;0
sortig ;FALSCH;0
spalt ;FALSCH;0
spanien, ;FALSCH;0
spannte ;FALSCH;0
spannung ;FALSCH;0
später ;FALSCH;0
spazieren, ;FALSCH;0
speak ;FALSCH;0
speichel ;FALSCH;0
"speichel 
";FALSCH;0
speien ;FALSCH;0
"speien 
";FALSCH;0
speis, ;FALSCH;0
speisekarten ;FALSCH;0
sperrt ;FALSCH;0
spiegel ;FALSCH;0
spiegelbild ;FALSCH;0
spielen ;FALSCH;0
spielregel ;FALSCH;0
spitze ;FALSCH;0
"spitze 
";FALSCH;0
spitzen ;FALSCH;0
"spitzen 
";FALSCH;0
spitzenräume, ;FALSCH;0
spots ;FALSCH;0
sprachblasen, ;FALSCH;0
sprache ;FALSCH;0
sprache, ;FALSCH;0
Sprache, ;FALSCH;0
sprachen ;FALSCH;0
"sprachen 
";FALSCH;0
sprachen, ;FALSCH;0
sprachenkind, ;FALSCH;0
sprachlaut, ;FALSCH;0
sprachlichen ;FALSCH;0
sprachmaschine ;FALSCH;0
sprachschicht: ;FALSCH;0
sprachverlusts ;FALSCH;0
sprachwechsel, ;FALSCH;0
sprachwellen ;FALSCH;0
sprang, ;FALSCH;0
sprangen, ;FALSCH;0
sprechen ;FALSCH;0
sprechen, ;FALSCH;0
spreite, ;FALSCH;0
sprich ;FALSCH;0
spricht ;FALSCH;0
spricht, ;FALSCH;0
spricht? ;FALSCH;0
springt ;FALSCH;0
spucke, ;FALSCH;0
spuk. ;FALSCH;0
spulen ;FALSCH;0
spur, ;FALSCH;0
spuren ;FALSCH;0
squeeze ;FALSCH;0
ss ;FALSCH;0
stacheln, ;FALSCH;0
stahlen ;FALSCH;0
stämme ;FALSCH;0
stämme, ;FALSCH;0
stammeln ;FALSCH;0
stammen ;FALSCH;0
stammt ;FALSCH;0
stand ;FALSCH;0
stände, ;FALSCH;0
ständer, ;FALSCH;0
stanislau. ;FALSCH;0
stapel, ;FALSCH;0
starb, ;FALSCH;0
starb. ;FALSCH;0
starrt ;FALSCH;0
statik. ;FALSCH;0
stattdessen ;FALSCH;0
stäubchen ;FALSCH;0
steck ;FALSCH;0
stecken ;FALSCH;0
"stecken 
";FALSCH;0
stehen ;FALSCH;0
stehlen, ;FALSCH;0
steht ;FALSCH;0
steht, ;FALSCH;0
steigt ;FALSCH;0
steigt, ;FALSCH;0
stein, ;FALSCH;0
stein. ;FALSCH;0
steine, ;FALSCH;0
steinen ;FALSCH;0
stellen ;FALSCH;0
stern, ;FALSCH;0
sternnase ;FALSCH;0
steuerten ;FALSCH;0
stickenden ;FALSCH;0
stieg ;FALSCH;0
stille ;FALSCH;0
"stille 
";FALSCH;0
stimmwege ;FALSCH;0
Stimmwege, ;FALSCH;0
stirn: ,,schauen ;FALSCH;0
stoben ;FALSCH;0
stöberndes ;FALSCH;0
stocken, ;FALSCH;0
stolze ;FALSCH;0
storage, ;FALSCH;0
störung ;FALSCH;0
stoß ;FALSCH;0
"stoßen 
";FALSCH;0
stotter ;FALSCH;0
stottern ;FALSCH;0
stottersaft ;FALSCH;0
"strampler 
";FALSCH;0
strand, ;FALSCH;0
strandfunde ;FALSCH;0
strandhandtuch. ;FALSCH;0
strandkörbe ;FALSCH;0
strandspazierer, ;FALSCH;0
stränge, ;FALSCH;0
straße ;FALSCH;0
straße. ;FALSCH;0
straßen ;FALSCH;0
sträuße ;FALSCH;0
streck ;FALSCH;0
streckt ;FALSCH;0
streichen, ;FALSCH;0
stress ;FALSCH;0
strick ;FALSCH;0
struktur ;FALSCH;0
strümpfe. ;FALSCH;0
studieren, ;FALSCH;0
stuff ;FALSCH;0
stühlchenspiel, ;FALSCH;0
stummen ;FALSCH;0
stummheit ;FALSCH;0
"stunden 
";FALSCH;0
stundenlang ;FALSCH;0
stundenlang, ;FALSCH;0
substanziell, ;FALSCH;0
suchen, ;FALSCH;0
sucht ;FALSCH;0
suchten, ;FALSCH;0
suggested ;FALSCH;0
suggestion) ;FALSCH;0
summende ;FALSCH;0
süßen ;FALSCH;0
süstikpitsi ;FALSCH;0
"süstikpitsi 
";FALSCH;0
"symptom 
";FALSCH;0
symptomen, ;FALSCH;0
tablett. ;FALSCH;0
tabletten, ;FALSCH;0
taftvorhänge, ;FALSCH;0
tag, ;FALSCH;0
tage ;FALSCH;0
tage, ;FALSCH;0
tagelang ;FALSCH;0
tagelangem ;FALSCH;0
tages ;FALSCH;0
täglich ;FALSCH;0
tagung, ;FALSCH;0
tal ;FALSCH;0
tal, ;FALSCH;0
talabende, ;FALSCH;0
taler ;FALSCH;0
talg ;FALSCH;0
tals ;FALSCH;0
talseite, ;FALSCH;0
talwogen ;FALSCH;0
tangstrick ;FALSCH;0
tänzelt ;FALSCH;0
tanzen. ;FALSCH;0
tanzt ;FALSCH;0
tanzt, ;FALSCH;0
tap ;FALSCH;0
tapped ;FALSCH;0
tarnopol, ;FALSCH;0
tasche ;FALSCH;0
tassen. ;FALSCH;0
tasten, ;FALSCH;0
tastend ;FALSCH;0
tat ;FALSCH;0
täten. ;FALSCH;0
tatort ;FALSCH;0
"tattern 
";FALSCH;0
tatternden ;FALSCH;0
"tatternden 
";FALSCH;0
tatting ;FALSCH;0
"tatting 
";FALSCH;0
tattle ;FALSCH;0
tattled ;FALSCH;0
tau ;FALSCH;0
tee. ;FALSCH;0
teepflicht ;FALSCH;0
teeth ;FALSCH;0
"teeth 
";FALSCH;0
teilt ;FALSCH;0
terriersnack. ;FALSCH;0
ters ;FALSCH;0
text ;FALSCH;0
textverbunds ;FALSCH;0
than ;FALSCH;0
that ;FALSCH;0
their ;FALSCH;0
There ;FALSCH;0
they ;FALSCH;0
"they 
";FALSCH;0
things ;FALSCH;0
thread ;FALSCH;0
through ;FALSCH;0
tick ;FALSCH;0
tick. ;FALSCH;0
ticken ;FALSCH;0
tier) ;FALSCH;0
tiere. ;FALSCH;0
time ;FALSCH;0
timing, ;FALSCH;0
tingeling, ;FALSCH;0
tingeltangel, ;FALSCH;0
tippenden ;FALSCH;0
tisch, ;FALSCH;0
tischlein ;FALSCH;0
tischlein: ;FALSCH;0
toffee, ;FALSCH;0
tofuwürfel ;FALSCH;0
"told 
";FALSCH;0
tolle ;FALSCH;0
tongue. ;FALSCH;0
too ;FALSCH;0
topf. ;FALSCH;0
totenkopf ;FALSCH;0
totenkopfgesicht, ;FALSCH;0
traben ;FALSCH;0
traben. ;FALSCH;0
trag ;FALSCH;0
tragen ;FALSCH;0
tragephasen ;FALSCH;0
tragetage, ;FALSCH;0
tragetasche ;FALSCH;0
trägt ;FALSCH;0
trägt. ;FALSCH;0
"tram 
";FALSCH;0
transportmittel, ;FALSCH;0
träumt ;FALSCH;0
trecker, ;FALSCH;0
trees ;FALSCH;0
treib, ;FALSCH;0
treibt ;FALSCH;0
tres ;FALSCH;0
tresen ;FALSCH;0
tribüne ;FALSCH;0
trinken ;FALSCH;0
tritt ;FALSCH;0
trocknen ;FALSCH;0
trottet ;FALSCH;0
trutzig, ;FALSCH;0
try ;FALSCH;0
tuch, ;FALSCH;0
tuch. ;FALSCH;0
tüll, ;FALSCH;0
tulpen, ;FALSCH;0
tun. ;FALSCH;0
tunke, ;FALSCH;0
tunnel, ;FALSCH;0
tunnelblick. ;FALSCH;0
türen ;FALSCH;0
türmte ;FALSCH;0
tzte ;FALSCH;0
überdeterminiertheit ;FALSCH;0
überdeterminierung ;FALSCH;0
übereinander ;FALSCH;0
überfüttert ;FALSCH;0
übergangsüberzug: ;FALSCH;0
übergeneralisierung ;FALSCH;0
überm ;FALSCH;0
überschuss, ;FALSCH;0
"übersetzen 
";FALSCH;0
ubersetzen, ;FALSCH;0
übersetzen, ;FALSCH;0
übersetzten, ;FALSCH;0
übertragen, ;FALSCH;0
überträgt ;FALSCH;0
übervolles ;FALSCH;0
uerweilung, ;FALSCH;0
ufer ;FALSCH;0
"ufer 
";FALSCH;0
uhcr ;FALSCH;0
uhstände ;FALSCH;0
ulas. ;FALSCH;0
uleich ;FALSCH;0
umbeschriften, ;FALSCH;0
umgebung ;FALSCH;0
umgekehrt. .i ;FALSCH;0
umgibt, ;FALSCH;0
umkreisend, ;FALSCH;0
"umrisse 
";FALSCH;0
ums ;FALSCH;0
umschlag ;FALSCH;0
"umsegelt; ";FALSCH;0
umtost. ;FALSCH;0
umwege, ;FALSCH;0
unbegleitet, ;FALSCH;0
unbegründeten, ;FALSCH;0
unbeschwichtigt. ;FALSCH;0
uneindeutigen ;FALSCH;0
unfold ;FALSCH;0
ungar, ;FALSCH;0
ungebildete ;FALSCH;0
ungelenkten.;FALSCH;0
ungelöstes ;FALSCH;0
ungewärmten ;FALSCH;0
unhörbarer ;FALSCH;0
unklar ;FALSCH;0
unllertartiges. ;FALSCH;0
unlocked;FALSCH;0
unmittelbaren ;FALSCH;0
unnachlässigkeit. ;FALSCH;0
unruhe ;FALSCH;0
unruhig, ;FALSCH;0
uns ;FALSCH;0
uns, ;FALSCH;0
unsere ;FALSCH;0
unseren ;FALSCH;0
unserer ;FALSCH;0
unstetem ;FALSCH;0
unterbrechung ;FALSCH;0
untereinander ;FALSCH;0
unterkiefer, ;FALSCH;0
unterkunft: ,,alles ;FALSCH;0
unterschiede ;FALSCH;0
unterschrieben ;FALSCH;0
unterspült ;FALSCH;0
untersuchen! ;FALSCH;0
untersucht. ;FALSCH;0
unterwegs ;FALSCH;0
unvermittelt ;FALSCH;0
unzählige ;FALSCH;0
"ursprung 
";FALSCH;0
us ;FALSCH;0
"US 
";FALSCH;0
use ;FALSCH;0
usual ;FALSCH;0
"usual"" 
";FALSCH;0
uus ;FALSCH;0
vater ;FALSCH;0
vater, ;FALSCH;0
Vaters ;FALSCH;0
veilmaker ;FALSCH;0
vent, ;FALSCH;0
"ver 
";FALSCH;0
veranden. ;FALSCH;0
verändern. ;FALSCH;0
verändert. ;FALSCH;0
verarbeiten ;FALSCH;0
verb ;FALSCH;0
verbands ;FALSCH;0
verben ;FALSCH;0
verblüfft: ;FALSCH;0
verbreiten ;FALSCH;0
verbunden ;FALSCH;0
verdanken ;FALSCH;0
verdauen, ;FALSCH;0
"verdaute 
";FALSCH;0
vereinen ;FALSCH;0
verflogen, ;FALSCH;0
verflogen. ;FALSCH;0
vergessen, ;FALSCH;0
vergessene ;FALSCH;0
vergesslichkeit. ;FALSCH;0
vergraben ;FALSCH;0
verhält ;FALSCH;0
verholzene ;FALSCH;0
verinselung, ;FALSCH;0
verkauf ;FALSCH;0
verkleiden. ;FALSCH;0
verkleinern, ;FALSCH;0
verknüpfungen ;FALSCH;0
verkorksten ;FALSCH;0
verlangen, ;FALSCH;0
verlangt. ;FALSCH;0
verlassen ;FALSCH;0
verloren ;FALSCH;0
vermehrte ;FALSCH;0
vermehrten. ;FALSCH;0
verordnungen, ;FALSCH;0
verpackung. ;FALSCH;0
verpuppt, ;FALSCH;0
verreist. ;FALSCH;0
verringern ;FALSCH;0
verrückten ;FALSCH;0
verschacktelt, ;FALSCH;0
verschluckt.;FALSCH;0
verschmelzung ;FALSCH;0
verschobenen ;FALSCH;0
verschwand.;FALSCH;0
verschwinden, ;FALSCH;0
versorgungen ;FALSCH;0
"versorgungsstränge 
";FALSCH;0
"versprechen 
";FALSCH;0
versprechen, ;FALSCH;0
versprecher ;FALSCH;0
verstand ;FALSCH;0
verstanden, ;FALSCH;0
versteckst ;FALSCH;0
verstehen ;FALSCH;0
versteht ;FALSCH;0
"verstickten 
";FALSCH;0
verstopft, ;FALSCH;0
vertauschende ;FALSCH;0
verteilen, ;FALSCH;0
verteilt ;FALSCH;0
verteilten. ;FALSCH;0
Verteilung ... ;FALSCH;0
vertrautesten ;FALSCH;0
vertüpfelter ;FALSCH;0
verwachsen, ;FALSCH;0
verwandeln? ;FALSCH;0
verwebtes ;FALSCH;0
verwechselbar, ;FALSCH;0
verweisen, ;FALSCH;0
verwender ;FALSCH;0
verwendern ;FALSCH;0
verwringen ;FALSCH;0
verwringung ;FALSCH;0
verwunschenes ;FALSCH;0
very;FALSCH;0
very ;FALSCH;0
verzierer, ;FALSCH;0
viel ;FALSCH;0
viel. ;FALSCH;0
vieläugig ;FALSCH;0
vielen ;FALSCH;0
vier ;FALSCH;0
vieren. ;FALSCH;0
vierzehn ;FALSCH;0
vokale ;FALSCH;0
vol-;FALSCH;0
voll ;FALSCH;0
volle ;FALSCH;0
volleyballspieler, ;FALSCH;0
von ,,beobachten ;FALSCH;0
vorahnen ;FALSCH;0
vorbei, ;FALSCH;0
vorgestellten ;FALSCH;0
vorhang ;FALSCH;0
vorhang, ;FALSCH;0
vorhänge, ;FALSCH;0
vorhängen, ;FALSCH;0
vorkam, ;FALSCH;0
vorne ;FALSCH;0
vorsetzte, ;FALSCH;0
vorspringende ;FALSCH;0
vorstellbar ;FALSCH;0
vorwehte, ;FALSCH;0
vorzeitige ;FALSCH;0
wa ;FALSCH;0
wabenartige ;FALSCH;0
wabenartigen ;FALSCH;0
wachgeblinzelt ;FALSCH;0
wachsen ;FALSCH;0
wachsen, ;FALSCH;0
wachsfiguren. ;FALSCH;0
wächst ;FALSCH;0
wächst, ;FALSCH;0
wacklige ;FALSCH;0
wagten ;FALSCH;0
wagten, ;FALSCH;0
wahnsinn, ;FALSCH;0
wahnte ;FALSCH;0
wahr, ;FALSCH;0
während ;FALSCH;0
wahrgenommene ;FALSCH;0
wahrheit ;FALSCH;0
wald ;FALSCH;0
wald. ;FALSCH;0
waldbaracke, ;FALSCH;0
wälder ;FALSCH;0
walleh ;FALSCH;0
wallpaper, ;FALSCH;0
wallt ;FALSCH;0
wand ;FALSCH;0
wand, ;FALSCH;0
wände, ;FALSCH;0
"wände) 
";FALSCH;0
wandern ;FALSCH;0
wandern, ;FALSCH;0
wandern. ;FALSCH;0
wandert, ;FALSCH;0
wanderte ;FALSCH;0
ward ;FALSCH;0
ware, ;FALSCH;0
waren ;FALSCH;0
waren, ;FALSCH;0
warm ;FALSCH;0
warm, ;FALSCH;0
warmem ;FALSCH;0
warnung. ;FALSCH;0
warst ;FALSCH;0
wärterin ;FALSCH;0
wärterin, ;FALSCH;0
wartung ;FALSCH;0
wartung, ;FALSCH;0
warum ;FALSCH;0
"warum 
";FALSCH;0
"waschen. 
";FALSCH;0
wasser ;FALSCH;0
wasser, ;FALSCH;0
wasserfarben, ;FALSCH;0
wasserzeichen, ;FALSCH;0
water ;FALSCH;0
wattierte ;FALSCH;0
we ;FALSCH;0
we're ;FALSCH;0
"wear 
";FALSCH;0
wechselt, ;FALSCH;0
weg ;FALSCH;0
weg, ;FALSCH;0
wege ;FALSCH;0
wegesrand ;FALSCH;0
wegkommen ;FALSCH;0
wegnickt ;FALSCH;0
wegnimmt, ;FALSCH;0
wegrand ;FALSCH;0
wegstecken, ;FALSCH;0
wegzuschlecken ;FALSCH;0
weh ;FALSCH;0
wehen, ;FALSCH;0
wehte ;FALSCH;0
weide ;FALSCH;0
weiden, ;FALSCH;0
weil ;FALSCH;0
weiß ;FALSCH;0
weiß, ;FALSCH;0
weiße ;FALSCH;0
weißen ;FALSCH;0
weißer ;FALSCH;0
weißlichtig ;FALSCH;0
weit, ;FALSCH;0
weit). ;FALSCH;0
weiter ;FALSCH;0
weiterheckt ;FALSCH;0
weiterhelfen, ;FALSCH;0
weitsicht, ;FALSCH;0
welche ;FALSCH;0
welchen ;FALSCH;0
welcher ;FALSCH;0
welches ;FALSCH;0
welches, ;FALSCH;0
welcomes ;FALSCH;0
well, ;FALSCH;0
wellenartig ;FALSCH;0
wellenbrecher ;FALSCH;0
wellenkämme ;FALSCH;0
welt ;FALSCH;0
welten ;FALSCH;0
weltenden, ;FALSCH;0
wenig ;FALSCH;0
wenn, ,,bei ;FALSCH;0
Wer ;FALSCH;1
werden ;FALSCH;0
werden, ;FALSCH;0
wernicke, ;FALSCH;0
wers ;FALSCH;0
westliches, ;FALSCH;0
westwind ;FALSCH;0
wetzten? ;FALSCH;0
wickelt ;FALSCH;0
"widerstand: 
";FALSCH;0
wiederhole ;FALSCH;0
"wiederholen : 
";FALSCH;0
wiederkommt. ;FALSCH;0
wiege ;FALSCH;0
wiehert ;FALSCH;0
wienklatsche, ;FALSCH;0
wies ;FALSCH;0
wiesen ;FALSCH;0
wild ;FALSCH;0
wilden ;FALSCH;0
wildwechsel ;FALSCH;0
will ;FALSCH;0
wimpel, ;FALSCH;0
wind ;FALSCH;0
winden ;FALSCH;0
"wings 
";FALSCH;0
winter ;FALSCH;0
winters, ;FALSCH;0
winzige ;FALSCH;0
winziges ;FALSCH;0
wir ;FALSCH;0
"wir 
";FALSCH;0
wirbel ;FALSCH;0
wird, ;FALSCH;0
wird? ;FALSCH;0
wirklich ;FALSCH;0
wirt, ;FALSCH;0
wischen) ;FALSCH;0
wissen ;FALSCH;0
wissen, ;FALSCH;0
with ;FALSCH;0
woanders ;FALSCH;0
wob ;FALSCH;0
woher ;FALSCH;0
wohin ;FALSCH;0
wohl ;FALSCH;0
wohnort ;FALSCH;0
wohnort? ;FALSCH;0
wolken ;FALSCH;0
wolkendräue ;FALSCH;0
wolle ;FALSCH;0
wollen ;FALSCH;0
wollte ;FALSCH;0
wollten ;FALSCH;0
"woman 
";FALSCH;0
women ;FALSCH;0
womm, ;FALSCH;0
"words 
";FALSCH;0
work. ;FALSCH;0
world. ;FALSCH;0
wort ;FALSCH;0
wort, ;FALSCH;0
wort: ;FALSCH;0
worte ;FALSCH;0
"worten 
";FALSCH;0
"Wörterbuch 
";FALSCH;0
wortes ;FALSCH;0
wortfindungsschwierigkeiten ;FALSCH;0
wortfindungsschwierigkeiten, ;FALSCH;0
wortkaninchen ;FALSCH;0
wörtlich. ;FALSCH;0
wouldn't ;FALSCH;0
wt ;FALSCH;0
wuchs ;FALSCH;0
wuchs. ;FALSCH;0
wüchse ;FALSCH;0
wuchsen, ;FALSCH;0
wunder, ;FALSCH;0
wunderlich ;FALSCH;0
wundsinn ;FALSCH;0
wurzellos! ;FALSCH;0
wurzeln ;FALSCH;0
wurzeln, ;FALSCH;0
wussten ;FALSCH;0
wüssten ;FALSCH;0
YES, ;FALSCH;0
you ;FALSCH;0
"you : 
";FALSCH;0
you. ;FALSCH;0
"you"". ";FALSCH;0
yourself! ;FALSCH;0
zacken, ;FALSCH;0
zackenkranz ;FALSCH;0
zagen ;FALSCH;0
zähe ;FALSCH;0
"zahlte 
";FALSCH;0
zahn ;FALSCH;0
zahnblütchen ;FALSCH;0
zähne ;FALSCH;0
zähne, ;FALSCH;0
zahnen, ;FALSCH;0
zähnen, ;FALSCH;0
zahnfleischs ;FALSCH;0
zahnweh ;FALSCH;0
zappenduster ;FALSCH;0
zarte ;FALSCH;0
zaubermampf. ;FALSCH;0
zaun ;FALSCH;0
zäune, ;FALSCH;0
zehe ;FALSCH;0
zehen ;FALSCH;0
zehn ;FALSCH;0
zehn. ;FALSCH;0
zeichen ;FALSCH;0
zeigst, ;FALSCH;0
zeigt ;FALSCH;0
zeigten ;FALSCH;0
zeile ;FALSCH;0
zeile? ;FALSCH;0
zeilen ;FALSCH;0
zeilen? ;FALSCH;0
zeit ;FALSCH;0
Zeit ;FALSCH;0
zeit, ;FALSCH;0
zeiten, ;FALSCH;0
zeiten. ;FALSCH;0
zeitweh, ;FALSCH;0
zelle, ;FALSCH;0
zelt ;FALSCH;0
zelt. ;FALSCH;0
zerbrechlich ;FALSCH;0
"zerreiben 
";FALSCH;0
zerren ;FALSCH;0
"zerren 
";FALSCH;0
"zerrieben 
";FALSCH;0
zettelart ;FALSCH;0
zeug ;FALSCH;0
ziehen ;FALSCH;0
ziehen. ;FALSCH;0
zieht, ;FALSCH;0
zier ;FALSCH;0
zierliche ;FALSCH;0
zimmer ;FALSCH;0
zimmer, ;FALSCH;0
zimmer. ;FALSCH;0
zimmeretage, ;FALSCH;0
zimmerhalbdunkel ;FALSCH;0
zimmern, ;FALSCH;0
zipfel, ;FALSCH;0
zipfelig ;FALSCH;0
zipfelndem ;FALSCH;0
zipfelneid! ;FALSCH;0
zipfliger ;FALSCH;0
zirkumstanzen, ;FALSCH;0
zischen ;FALSCH;0
"zittern 
";FALSCH;0
zitternd ;FALSCH;0
"zitternden 
";FALSCH;0
"zöge 
";FALSCH;0
zottelartig, ;FALSCH;0
zuerst ;FALSCH;0
zufriedenheit ;FALSCH;0
zug. ;FALSCH;0
zugangsproblemen ;FALSCH;0
züge, ;FALSCH;0
zugehörigkeit ;FALSCH;0
zügel ;FALSCH;0
zügel, ;FALSCH;0
zunge ;FALSCH;0
zungen ;FALSCH;0
zupfe ;FALSCH;0
zupft ;FALSCH;0
zurück, ;FALSCH;0
zurück. ;FALSCH;0
"zurück. 
";FALSCH;0
zusammen ;FALSCH;0
zusammen, ;FALSCH;0
zusammen.;FALSCH;0
zusammentreten, ;FALSCH;0
zuständen, ;FALSCH;0
zutraulicher ;FALSCH;0
zutsche ;FALSCH;0
zutsche, ;FALSCH;0
zwängte ;FALSCH;0
zwei ;FALSCH;0
zweideutig, ;FALSCH;0
zweifel ;FALSCH;0
zweifeln, ;FALSCH;0
zweige ;FALSCH;0
zweimal ;FALSCH;0
zweite ;FALSCH;0
"zweite 
";FALSCH;0
zweitsprache ;FALSCH;0
zwiebliges ;FALSCH;0
zwilling ;FALSCH;0
zwillingskopf ;FALSCH;0
zwischen ;FALSCH;0
"zwischen 
";FALSCH;0
zwittern ;FALSCH;0
zwölf ;FALSCH;0