"dateiname","text"
"Aschenputtel_(1850).txt","
Einem reichen Manne dem wurde seine Frau krank, und als sie fühlte dass ihr Ende heran kam, rief sie ihr einziges Töchterlein zu sich ans Bett und sprach „liebes Kind, bleib fromm und gut, so wird dir der liebe Gott immer beistehen, und ich will vom Himmel auf dich herab blicken, und will um dich sein.“ Darauf tat sie die Augen zu und verschied. Das Mädchen ging jeden Tag hinaus zu dem Grabe der Mutter und weinte, und blieb fromm und gut. Als der Winter kam, deckte der Schnee ein weißes Tüchlein auf das Grab, und als die Sonne im Frühjahr es wieder herabgezogen hatte, nahm sich der Mann eine andere Frau.

Die Frau hatte zwei Töchter mit ins Haus gebracht, die schön und weiss von Angesicht waren, aber garstig und schwarz von Herzen. Da ging eine schlimme Zeit für das arme Stiefkind an. „Soll die dumme Gans bei uns in der Stube sitzen!“ sprachen sie, „wer Brot essen will, muss es verdienen: hinaus mit der Küchenmagd.“ Sie nahmen ihm seine schönen Kleider weg, zogen ihm einen grauen alten Kittel an, und gaben ihm hölzerne Schuhe. „Seht einmal die stolze Prinzessin, wie sie geputzt ist!“ riefen sie, lachten und führten es in die Küche. Da musste es von Morgen bis Abend schwere
[137] Arbeit tun, früh vor Tag aufstehn, Wasser tragen, Feuer anmachen, kochen und waschen. Obendrein taten ihm die Schwestern alles ersinnliche Herzeleid an, verspotteten es und schütteten ihm die Erbsen und Linsen in die Asche, so dass es sitzen und sie wieder auslesen musste. Abends, wenn es sich müde gearbeitet hatte, kam es in kein Bett, sondern musste sich neben den Herd in die Asche legen. Und weil es darum immer staubig und schmutzig aussah, nannten sie es Aschenputtel.

Es trug sich zu, dass der Vater einmal in die Messe ziehen wollte, da fragte er die beiden Stieftöchter was er ihnen mitbringen sollte? „Schöne Kleider“ sagte die eine, „Perlen und Edelsteine“ die zweite. „Aber du, Aschenputtel,“ sprach er, „was willst du haben?“ „Vater, das erste Reis, das euch auf eurem Heimweg an den Hut stößt, das brecht für mich ab.“ Er kaufte nun für die beiden Stiefschwestern schöne Kleider, Perlen und Edelsteine, und auf dem Rückweg, als er durch einen grünen Busch ritt, streifte ihn ein Haselreis und stieß ihm den Hut ab. Da brach er das Reis ab und nahm es mit. Als er nach Haus kam, gab er den Stieftöchtern was sie sich gewünscht hatten, und dem Aschenputtel gab er das Reis von dem Haselbusch. Aschenputtel dankte ihm, ging zu seiner Mutter Grab und pflanzte das Reis darauf, und weinte so sehr, dass die Tränen darauf niederfielen und es begossen. Es wuchs aber, und ward ein schöner Baum. Aschenputtel ging alle Tage dreimal darunter, weinte und betete, und allemal kam ein weißes Vöglein auf den Baum, und wenn es einen Wunsch aussprach, so warf ihm das Vöglein herab was es sich gewünscht hatte.


[138] Es begab sich aber, dass der König ein Fest anstellte, das drei Tage dauern sollte, und wozu alle schönen Jungfrauen im Lande eingeladen wurden, damit sich sein Sohn eine Braut aussuchen möchte. Die zwei Stiefschwestern als sie hörten dass sie auch dabei erscheinen sollten, waren guter Dinge, riefen Aschenputtel, und sprachen „kämm uns die Haare, bürste uns die Schuhe und mache uns die Schnallen fest, wir gehen zur Hochzeit auf des Königs Schloss.“ Aschenputtel gehorchte, weinte aber, weil es auch gern zum Tanz mitgegangen wäre, und bat die Stiefmutter sie möchte es ihm erlauben. „Du Aschenputtel,“ sprach sie, „bist voll Staub und Schmutz und willst zur Hochzeit? du hast keine Kleider und Schuhe, und willst tanzen!“ Als es aber mit Bitten anhielt, sprach sie endlich „da habe ich dir eine Schüssel Linsen in die Asche geschüttet, wenn du die Linsen in zwei Stunden wieder ausgelesen hast, so sollst du mitgehen.“ Das Mädchen ging durch die Hintertüre nach dem Garten und rief „ihr zahmen Täubchen, ihr Turteltäubchen, all ihr Vöglein unter dem Himmel, kommt und helft mir lesen, 

die guten ins Töpfchen,
die schlechten ins Kröpfchen.“

Da kamen zum Küchenfenster zwei weiße Täubchen herein, und danach die Turteltäubchen, und endlich schwirrten und schwärmten alle Vöglein unter dem Himmel herein, und ließen sich um die Asche nieder. Und die Täubchen nickten mit den Köpfchen und fingen an pik, pik, pik, pik, und da fingen die übrigen auch an pik, pik, pik, pik, und lasen alle guten Körnlein in die Schüssel. Kaum war eine Stunde herum, so waren sie schon fertig und flogen alle wieder
[139] hinaus. Da brachte das Mädchen die Schüssel der Stiefmutter, freute sich und glaubte es dürfte nun mit auf die Hochzeit gehen. Aber sie sprach „nein, Aschenputtel, du hast keine Kleider, und kannst nicht tanzen: du wirst nur ausgelacht.“ Als es nun weinte, sprach sie „wenn du mir zwei Schüsseln voll Linsen in einer Stunde aus der Asche rein lesen kannst, so sollst du mitgehen,“ und dachte „das kann es ja nimmermehr.“ Als sie die zwei Schüsseln Linsen in die Asche geschüttet hatte, ging das Mädchen durch die Hintertüre nach dem Garten und rief „ihr zahmen Täubchen, ihr Turteltäubchen, all ihr Vöglein unter dem Himmel, kommt und helft mir lesen,

die guten ins Töpfchen,
die schlechten ins Kröpfchen.“

Da kamen zum Küchenfenster zwei weiße Täubchen herein und danach die Turteltäubchen, und endlich schwirrten und schwärmten alle Vöglein unter dem Himmel herein, und ließen sich um die Asche nieder. Und die Täubchen nickten mit ihren Köpfchen und fingen an pik, pik, pik, pik, und da fingen die übrigen auch an pik, pik, pik, pik, und lasen alle guten Körner in die Schüsseln. Und eh eine halbe Stunde herum war, waren sie schon fertig, und flogen alle wieder hinaus. Da trug das Mädchen die Schüsseln zu der Stiefmutter, freute sich und glaubte nun dürfte es mit auf die Hochzeit gehen. Aber sie sprach „es hilft dir alles nichts: du kommst nicht mit, denn du hast keine Kleider und kannst nicht tanzen; wir müssten uns deiner schämen.“ Darauf kehrte sie ihm den Rücken zu und eilte mit ihren zwei stolzen Töchtern fort.

Als nun niemand mehr daheim war, ging Aschenputtel zu seiner
[140] Mutter Grab unter den Haselbaum und rief

„Bäumchen, rüttel dich und schüttel dich,
wirf Gold und Silber über mich.“

Da warf ihm der Vogel ein golden und silbern Kleid herunter, und mit Seide und Silber ausgestickte Pantoffeln. In aller Eile zog es das Kleid an und ging zur Hochzeit. Seine Schwestern aber und die Stiefmutter kannten es nicht, und meinten es müsste eine fremde Königstochter sein, so schön sah es in dem goldenen Kleide aus. An Aschenputtel dachten sie gar nicht und dachten es säße daheim im Schmutz und suchte die Linsen aus der Asche. Der Königssohn kam ihm entgegen, nahm es bei der Hand und tanzte mit ihm. Er wollte auch mit sonst niemand tanzen, also dass er ihm die Hand nicht los ließ, und wenn ein anderer kam, es aufzufordern, sprach er „das ist meine Tänzerin.“

Es tanzte bis es Abend war, da wollte es nach Haus gehen. Der Königssohn aber sprach „ich gehe mit und begleite dich,“ denn er wollte sehen wem das schöne Mädchen angehörte. Sie entwischte ihm aber und sprang in das Taubenhaus. Nun wartete der Königssohn bis der Vater kam und sagte ihm das fremde Mädchen wär in das Taubenhaus gesprungen. Der Alte dachte „sollte es Aschenputtel sein,“ und sie mussten ihm Axt und Hacken bringen, damit er das Taubenhaus entzwei schlagen konnte: aber es war niemand darin. Und als sie ins Haus kamen, lag Aschenputtel in seinen schmutzigen Kleidern in der Asche, und ein trübes Öllämpchen brannte im Schornstein; denn Aschenputtel war geschwind aus dem Taubenhaus hinten herab gesprungen, und war zu dem Haselbäumchen
[141] gelaufen: da hatte es die schönen Kleider abgezogen und aufs Grab gelegt, und der Vogel hatte sie wieder weggenommen, und dann hatte es sich in seinem grauen Kittelchen in die Küche zur Asche gesetzt.

Am andern Tag, als das Fest von neuem anhub, und die Eltern und Stiefschwestern wieder fort waren, ging Aschenputtel zu dem Haselbaum und sprach

„Bäumchen, rüttel dich und schüttel dich,
wirf Gold und Silber über mich.“

Da warf der Vogel ein noch viel stolzeres Kleid herab, als am vorigen Tag. Und als es mit diesem Kleide auf der Hochzeit erschien, erstaunte jedermann über seine Schönheit. Der Königssohn aber hatte gewartet bis es kam, nahm es gleich bei der Hand und tanzte nur allein mit ihm. Wenn die andern kamen und es aufforderten, sprach er „das ist meine Tänzerin.“ Als es nun Abend war, wollte es fort, und der Königssohn ging ihm nach und wollte sehen in welches Haus es ging: aber es sprang ihm fort und in den Garten hinter dem Haus. Darin stand ein schöner großer Baum an dem die herrlichsten Birnen hingen, es kletterte so behend wie ein Eichhörnchen zwischen die Äste, und der Königssohn wusste nicht wo es hingekommen war. Er wartete aber bis der Vater kam und sprach zu ihm „das fremde Mädchen ist mir entwischt, und ich glaube es ist auf den Birnbaum gesprungen.“ Der Vater dachte „sollte es Aschenputtel sein,“ ließ sich die Axt holen und hieb den Baum um, aber es war niemand darauf. Und als sie in die Küche kamen, lag Aschenputtel da in der Asche, wie sonst auch, denn es
[142] war auf der andern Seite vom Baum herabgesprungen, hatte dem Vogel auf dem Haselbäumchen die schönen Kleider wieder gebracht und sein graues Kittelchen angezogen.

Am dritten Tag, als die Eltern und Schwestern fort waren, ging Aschenputtel wieder zu seiner Mutter Grab und sprach zu dem Bäumchen

„Bäumchen, rüttel dich und schüttel dich,
wirf Gold und Silber über mich.“

Nun warf ihm der Vogel ein Kleid herab, das war so prächtig und glänzend wie es noch keins gehabt hatte, und die Pantoffeln waren ganz golden. Als es in dem Kleid zu der Hochzeit kam, wussten sie alle nicht was sie vor Verwunderung sagen sollten. Der Königssohn tanzte ganz allein mit ihm, und wenn es einer aufforderte, sprach er „das ist meine Tänzerin.“

Als es nun Abend war, wollte Aschenputtel fort, und der Königssohn wollte es begleiten, aber es entsprang ihm so geschwind dass er nicht folgen konnte. Der Königssohn hatte aber eine List gebraucht, und hatte die ganze Treppe mit Pech bestreichen lassen: da war, als es hinabsprang, der linke Pantoffel des Mädchens hängen geblieben. Der Königssohn hob ihn auf, und er war klein und zierlich und ganz golden. Am nächsten Morgen ging er damit zu dem Mann, und sagte zu ihm „keine andere soll meine Gemahlin werden als die, an deren Fuß dieser goldene Schuh paßt.“ Da freuten sich die beiden Schwestern, denn sie hatten schöne Füße. Die Älteste ging mit dem Schuh in die Kammer und wollte ihn anprobieren, und die Mutter stand dabei. Aber sie konnte mit der großen
[143] Zehe nicht hineinkommen, und der Schuh war ihr zu klein, da reichte ihr die Mutter ein Messer und sprach „hau die Zehe ab: wann du Königin bist, so brauchst du nicht mehr zu Fuß zu gehen.“ Das Mädchen hieb die Zehe ab, zwängte den Fuß in den Schuh, verbiss den Schmerz und ging heraus zum Königssohn. Da nahm er sie als seine Braut aufs Pferd, und ritt mit ihr fort. Sie mussten aber an dem Grabe vorbei, da saßen die zwei Täubchen auf dem Haselbäumchen, und riefen

„rucke di guck, rucke di guck,
Blut ist im Schuck (Schuh):
Der Schuck ist zu klein,
die rechte Braut sitzt noch daheim.“

Da blickte er auf ihren Fuß und sah wie das Blut herausquoll. Er wendete sein Pferd um, brachte die falsche Braut wieder nach Haus und sagte das wäre nicht die rechte, die andere Schwester sollte den Schuh anziehen. Da ging diese in die Kammer und kam mit den Zehen glücklich in den Schuh, aber die Ferse war zu groß. Da reichte ihr die Mutter ein Messer und sprach „hau ein Stück von der Ferse ab: wann du Königin bist, brauchst du nicht mehr zu Fuß zu gehen.“ Das Mädchen hieb ein Stück von der Ferse ab, zwängte den Fuß in den Schuh, verbiss den Schmerz und ging heraus zum Königssohn. Da nahm er sie als seine Braut aufs Pferd und ritt mit ihr fort. Als sie an dem Haselbäumchen vorbeikamen, saßen die zwei Täubchen darauf und riefen

„rucke di guck, rucke di guck,
Blut ist im Schuck:

der Schuck ist zu klein,
die rechte Braut sitzt noch daheim.“

Er blickte nieder auf ihren Fuß, und sah wie das Blut aus dem Schuh quoll und an den weißen Strümpfen ganz rot heraufgestiegen war. Da wendete er sein Pferd, und brachte die falsche Braut wieder nach Haus. „Das ist auch nicht die rechte,“ sprach er, „habt ihr keine andere Tochter?“ „Nein,“ sagte der Mann, „nur von meiner verstorbenen Frau ist noch ein kleines verbuttetes Aschenputtel da: das kann unmöglich die Braut sein.“ Der Königssohn sprach er sollt es heraufschicken, die Mutter aber antwortete „ach nein, das ist viel zu schmutzig, das darf sich nicht sehen lassen.“ Er wollte es aber durchaus haben, und Aschenputtel musste gerufen werden. Da wusch es sich erst Hände und Angesicht rein, ging dann hin und neigte sich vor dem Königssohn, der ihm den goldenen Schuh reichte. Dann setzte es sich auf einen Schemel, zog den Fuß aus dem schweren Holzschuh und steckte ihn in den Pantoffel, der war wie angegossen. Und als es sich in die Höhe richtete und der König ihm ins Gesicht sah, so erkannte er das schöne Mädchen, das mit ihm getanzt hatte, und rief „das ist die rechte Braut!“ Die Stiefmutter und die beiden Schwestern erschraken und wurden bleich vor Ärger: er aber nahm Aschenputtel aufs Pferd und ritt mit ihm fort. Als sie an dem Haselbäumchen vorbei kamen, riefen die zwei weißen Täubchen

„rucke di guck, rucke di guck,
kein Blut im Schuck:
der Schuck ist nicht zu klein,
die rechte Braut die führt er heim.“

[145] Und als sie das gerufen hatten, kamen sie beide herab geflogen und setzten sich dem Aschenputtel auf die Schultern, eine rechts, die andere links, und blieben da sitzen.

Als die Hochzeit mit dem Königssohn sollte gehalten werden, kamen die falschen Schwestern, wollten sich einschmeicheln und Teil an seinem Glück nehmen. Als die Brautleute nun zur Kirche gingen, war die älteste zur rechten, die jüngste zur linken Seite: da pickten die Tauben einer jeden das eine Auge aus. Hernach als sie heraus gingen, war die älteste zur linken und die jüngste zur rechten: da pickten die Tauben einer jeden das andere Auge aus. Und waren sie also für ihre Bosheit und Falschheit mit Blindheit auf ihr Lebtag gestraft.









"
"JungfrauMaleen_(1850).txt","
Es war einmal ein König, der hatte einen Sohn, der warb um die Tochter eines mächtigen Königs, die hieß Jungfrau Maleen und war wunderschön. Sie ward ihm versagt, weil ihr Vater sie einem andern geben wollte. Da sich aber beide von Herzen liebten, so wollten sie nicht von einander lassen, und die Jungfrau Maleen sprach zu ihrem Vater „ich kann und will keinen andern zu meinem Gemahl nehmen.“ Da geriet der Vater in Zorn und ließ einen finstern Turn bauen, in den kein Strahl von Sonne oder Mond fiel. Und als er fertig war, sprach er „darin sollst du sieben Jahre lang sitzen, dann will ich kommen und sehen ob dein trotziger Sinn gebrochen ist“. Für die sieben Jahre ward Speise und Trank in den Turn getragen, dann ward sie und ihre Kammerjungfer hinein geführt und eingemauert, und also von Himmel und Erde geschieden. Da saßen sie in der Finsternis, wussten nicht wann Tag oder Nacht anbrach. Der Königssohn ging oft um den Turn herum und rief ihren Namen, aber kein Laut drang von außen durch die dicken Mauern. Was konnten sie anders tun als jammern und klagen? Indessen ging die Zeit dahin und an der Abnahme von Speise und Trank merkten sie dass die sieben Jahre
[528] ihrem Ende sich näherten. Sie dachten der Augenblick ihrer Erlösung wäre gekommen, aber kein Hammerschlag ließ sich hören und kein Stein wollte aus der Mauer: es schien als ob ihr Vater sie vergessen hätte. Als sie nur noch für kurze Zeit Nahrung hatten und einen jämmerlichen Tod voraus sahen, da sprach die Jungfrau Maleen „wir müssen das letzte versuchen und sehen ob wir die Mauer durchbrechen.“ Sie nahm das Brotmesser, grub und bohrte an dem Mörtel eines Steins, und wenn sie müd war, so löste sie die Kammerjungfer ab. Nach langer Arbeit gelang es ihnen einen Stein heraus zu nehmen, dann einen zweiten und dritten, und nach drei Tagen fiel der erste Lichtstrahl in ihre Dunkelheit, und endlich war die Öffnung so groß dass sie hinaus schauen konnten. Der Himmel war blau, und eine frische Luft wehte ihnen entgegen, aber wie traurig sah rings umher alles aus: das Schloss ihres Vaters lag in Trümmern, die Stadt und die Dörfer waren, so weit man sehen konnte, verbrannt, die Felder weit und breit verheert: keine Menschenseele ließ sich erblicken. Als die Öffnung in der Mauer so groß war, dass sie hindurch schlüpfen konnten, so sprang zuerst die Kammerjungfer herab und dann folgte die Jungfrau Maleen. Aber wo sollten sie sich hinwenden? Die Feinde hatten das ganze Reich verwüstet, den König verjagt und alle Einwohner erschlagen. Sie wanderten fort um ein anderes Land zu suchen, aber sie fanden nirgend ein Obdach oder einen Menschen, der ihnen einen Bissen Brot gab, und ihre Not war so groß dass sie ihren Hunger an einem Brennnesselstrauch stillen mussten. Als sie nach langer Wanderung in ein anderes Land kamen, boten sie überall ihre Dienste
[529] an, aber wo sie anklopften wurden sie abgewiesen, und niemand wollte sich ihrer erbarmen. Endlich gelangten sie in eine große Stadt und gingen nach dem königlichen Hof. Aber auch da hieß man sie weiter gehen, bis endlich der Koch sagte sie könnten in der Küche bleiben und als Aschenputtel dienen.

Der Sohn des Königs, in dessen Reich sie sich befanden, war aber gerade der Verlobte der Jungfrau Maleen gewesen. Der Vater hatte ihm eine andere Braut bestimmt, die ebenso häßlich von Angesicht als bös von Herzen war. Die Hochzeit war festgesetzt und die Braut schon angelangt, bei ihrer großen Häßlichkeit aber ließ sie sich vor niemand sehen und schloss sich in ihre Kammer ein und die Jungfrau Maleen musste ihr das Essen aus der Küche bringen. Als der Tag heran kam, wo die Braut mit dem Bräutigam in die Kirche gehen sollte, so schämte sie sich ihrer Häßlichkeit und fürchtete wenn sie sich auf der Straße zeigte, würde sie von den Leuten verspottet und ausgelacht. Da sprach sie zur Jungfrau Maleen „dir steht ein großes Glück bevor, ich habe mir den Fuß vertreten und kann nicht gut über die Straße gehen: du sollst meine Brautkleider anziehen und meine Stelle einnehmen: eine größere Ehre kann dir nicht zu Teil werden.“ Die Jungfrau Maleen aber schlug es aus und sagte „ich verlange keine Ehre, die mir nicht gebührt.“ Es war auch vergeblich dass sie ihr Gold anbot. Endlich sprach sie zornig „wenn du mir nicht gehorchst, so kostet es dich dein Leben: ich brauche nur ein Wort zu sagen, so wird dir der Kopf vor die Füße gelegt.“ Da musste sie gehorchen und die prächtigen Kleider der Braut samt ihrem Schmuck anlegen. Als
[530] sie in den königlichen Saal eintrat, erstaunten alle über ihre große Schönheit und der König sagte zu seinem Sohn „das ist die Braut, die ich dir ausgewählt habe und die du zur Kirche führen sollst.“ Der Bräutigam erstaunte und dachte „sie gleicht meiner Jungfrau Maleen, und ich würde glauben sie wäre es selbst, aber die sitzt schon lange im Turn gefangen oder ist tot.“ Er nahm sie an der Hand und führte sie zur Kirche. An dem Wege stand ein Brennesselbusch, da sprach sie

„Brennettelbusch,
Brennettelbusch so klene,
wat steist du hier allene?
ik hef de Tyt geweten
da hef ik dy ungesaden
ungebraden eten.“

„Was sprichst du da?“ fragte der Königssohn. „Nichts,“ antwortete sie, „ich dachte nur an die Jungfrau Maleen.“ Er verwunderte sich dass sie von ihr wusste, schwieg aber still. Als sie an den Steg vor dem Kirchhof kamen, sprach sie

„Karkstegels, brik nich,
Bün de rechte Brut nich.“

„Was sprichst du da?“ fragte der Königssohn? „Nichts,“ antwortete sie, „ich dachte nur an die Jungfrau Maleen.“ „Kennst du die Jungfrau Maleen?“ „Nein,“ antwortete sie, „wie sollte ich sie kennen, ich habe nur von ihr gehört.“ Als sie an die Kirchtüre kamen, sprach sie abermals

„Karkendär, brik nich,
bün de rechte Brut nich.“

„Was sprichst du da?“ fragte er. „Ach,“ antwortete sie, „ich habe nur an die Jungfrau Maleen gedacht.“ Da zog er ein kostbares Geschmeide hervor, legte es ihr an den Hals und hakte die Kettenringe in einander. Darauf traten sie in die Kirche, und der Priester legte vor dem Altar ihre Hände in einander und vermählte sie. Er führte sie zurück, aber sie sprach auf dem ganzen Weg kein Wort. Als sie wieder in dem königlichen Schloss angelangt waren, eilte sie in die Kammer der Braut, legte die prächtigen Kleider und den Schmuck ab, zog ihren grauen Kittel an und behielt nur das Geschmeide um den Hals, das sie von dem Bräutigam empfangen hatte.

Als die Nacht heran kam und die Braut in das Zimmer des Königssohns sollte geführt werden, so ließ sie den Schleier über ihr Gesicht fallen, damit er den Betrug nicht merken sollte. Sobald alle Leute fortgegangen waren, sprach er zu ihr „was hast du doch zu dem Brennesselbusch gesagt, der an dem Weg stand?“ „Zu welchem Brennesselbusch?“ fragte sie, „ich spreche mit keinem Brennesselbusch.“ „Wenn du es nicht getan hast, so bist du die rechte Braut nicht“ sagte er. Da half sie sich und sprach

„mut heruet na myne Mägt,
de my myn Gedanken drägt.“

Sie ging hinaus und fuhr die Jungfrau Maleen an, „Dirne, was hast du zu dem Brennesselbusch gesagt?“ „Ich sagte nichts als

Brennettelbusch,
Brennettelbusch so klene,
wat steist du hier allene?
Ik hef de Tyt geweten,
da hef ik dy ungesaden
ungebraden eten.“

Die Braut lief in die Kammer zurück und sagte „jetzt weiss ich was ich zu dem Brennesselbusch gesprochen habe,“ und wiederholte die Worte, die sie eben gehört hatte. „Aber was sagtest du zu dem Kirchensteg, als wir darüber gingen?“ fragte der Königssohn. „Zu dem Kirchensteg?“ antwortete sie, „ich spreche mit keinem Kirchensteg.“ „Dann bist du auch die rechte Braut nicht.“ Sie sagte wiederum

„mut herut na myne Mägt,
de my myn Gedanken drägt.“

Lief hinaus und fuhr die Jungfrau Maleen an, „Dirne, was hast du zu dem Kirchsteg gesagt?“ „Ich sagte nichts als

Karkstegels, brik nich,
bün de rechte Brut nich.“

„Das kostet dich dein Leben“ rief die Braut, eilte aber in die Kammer und sagte „jetzt weiss ich was ich zu dem Kirchsteg gesprochen habe“ und wiederholte die Worte. „Aber was sagtest du zu der Kirchentür?“ „Zur Kirchentür?“ antwortete sie, „ich spreche mit keiner Kirchentür.“ „Dann bist du auch die rechte Braut nicht.“ Sie ging hinaus, fuhr die Jungfrau Maleen an „Dirne, was hast du zu der Kirchentür gesagt?“ „Ich sagte nichts als

Karkendär, brik nich,
bün de rechte Brut nich.“

„Das bricht dir den Hals“ rief die Braut und geriet in den größten Zorn, eilte aber zurück in die Kammer und sagte „jetzt weiss ich was ich zu der Kirchentür gesprochen habe“, und wiederholte die Worte. „Aber, wo hast du das Geschmeide, das ich dir an der Kirchentüre gab?“ „Was für ein Geschmeide,“ antwortete sie, „du hast mir kein Geschmeide gegeben“. „Ich habe es dir selbst um den Hals gelegt und selbst eingehakt: wenn du das nicht weisst, so bist du die rechte Braut nicht.“ Er zog ihr den Schleier vom Gesicht, und als er ihre grundlose Häßlichkeit erblickte, sprang er erschrocken zurück und sprach „wie kommst du hierher? wer bist du?“ „Ich bin deine verlobte Braut, aber weil ich fürchtete die Leute würden mich verspotten, wenn sie mich draußen erblickten, so habe ich dem Aschenputtel befohlen meine Kleider anzuziehen und statt meiner zur Kirche zu gehen.“ „Wo ist das Mädchen“ sagte er, „ich will es sehen, geh und hol es hierher.“ Sie ging hinaus und sagte den Dienern das Aschenputtel sei eine Betrügerin, sie sollten es in den Hof hinab führen und ihm den Kopf abschlagen. Die Diener packten es und wollten es fortschleppen, aber es schrie so laut um Hilfe, dass der Königssohn seine Stimme vernahm, aus seinem Zimmer herbei eilte und den Befehl gab das Mädchen augenblicklich loszulassen. Es wurden Lichter herbei geholt und da bemerkte er an ihrem Hals den Goldschmuck den er ihm vor der Kirchentür gegeben hatte. „Du bist die rechte Braut“ sagte er, „die mit mir zur Kirche gegangen ist: komm mit mir in meine
[534] Kammer.“ Als sie beide allein waren, sprach er „du hast auf dem Kirchgang die Jungfrau Maleen genannt, die meine verlobte Braut war: wenn ich dächte es wäre möglich, so müsste ich glauben sie stände vor mir: du gleichst ihr in allem.“ Sie antwortete „ich bin die Jungfrau Maleen, die um dich sieben Jahre in der Finsterniss gefangen gesessen, Hunger und Durst gelitten und so lange in Not und Armut gelebt hat: aber heute bescheint mich die Sonne wieder. Ich bin dir in der Kirche angetraut und bin deine rechtmäßige Gemahlin.“ Da küssten sie einander und waren glücklich für ihr Lebtag. Der falschen Braut ward zur Vergeltung der Kopf[1] abgeschlagen.

Der Turn, in welchem die Jungfrau Maleen gesessen hatte, stand noch lange Zeit, und wenn die Kinder vorüber gingen, so sangen sie

„kling klang kloria,
wer sitt in dissen Toria?
Dar sitt en Königsdochter in,
die kan ik nich to seen krygn.
De Muer de will nich bräken,
De Steen de will nich stechen.
Hänschen mit de bunte Jak,
kumm unn folg my achterna.“
"
"KoenigDrosselbart_(1819).txt","
Ein König hatte eine Tochter, die war wunderschön, aber stolz und übermütig, so dass ihr kein
Freier gut genug war und sie einen nach dem andern abwies, und noch dazu Spott mit ihnen trieb.
Einmal ließ der König ein großes Fest anstellen und lud dazu alle heiratslustigen Männer ein,
die wurden in eine Reihe, nach ihrem Rang und Stand geordnet; erst kamen die Könige, dann die
Herzoge, die Fürsten, Grafen und Freiherrn, zuletzt die Edelleute. Nun wurde die Königstochter
durch die Reihen geführt, aber an jedem hatte sie etwas auszusetzen. Der eine war ihr zu dick:
„das Weinfass!“ sprach sie. Der andere zu lang: „lang und schwank hat keinen Gang!“ der dritte
zu kurz: „kurz und dick hat kein Geschick!“ der vierte zu blaß: „der bleiche Tod!“ der fünfte zu
rot: „der Zinshahn!“ der sechste war nicht gerad genug: „grünes Holz, hinterm Ofen getrocknet!“
und so hatte sie an einem jeden etwas auszusetzen, besonders aber machte sie sich über
einen guten König lustig, der ganz oben stand, und dem das Kinn ein wenig krumm gewachsen
war. „Ei, rief sie und lachte, der hat ein Kinn, wie die Droßel einen Schnabel!“ und seit der Zeit
bekam er den Namen Droßelbart. Der alte König aber, als er sah, dass seine Tochter nichts tat,
als über die Leute spotten und alle Freier die da versammelt waren verschmähte, ward er zornig
und schwur, sie
[258] sollte den ersten, besten Bettler zum Mann nehmen, der vor seine Türe käme.

Ein paar Tage darauf hub ein Spielmann an unter dem Fenster zu singen, um damit ein geringes
Almosen zu erwerben. Als es der König hörte, sprach er: „lasst ihn herauf kommen!“ Da trat
ein schmutziger Spielmann herein, sang vor dem König und seiner Tochter, und bat als er fertig
war, um eine milde Gabe. Der König sprach: „dein Gesang hat mir so wohl gefallen, dass ich dir
da meine Tochter zur Frau geben will.“ Die Königstochter erschrak, aber der König sagte: „ich
habe den Eid getan, dich dem ersten besten Bettelmann zu geben, den will ich auch halten.“
Es half keine Einrede, der Pfarrer ward geholt, und sie musste sich gleich mit dem Spielmann
trauen lassen. Als das geschehen war, sprach der König: „nun schickt sichs nicht weiter, dass du in meinem Schloss bleibst, du kannst nur mit deinem Manne fortziehen.“

Der Bettelmann nahm sie mit hinaus, und sie kamen in einen großen Wald; da fragte sie:

„Ach, wem gehört der schöne Wald?“
„Der gehört dem König Droßelbart:
hättst du’n genommen, so wär er dein!“
„Ich arme Jungfer zart,
ach, hätt ich genommen den König Droßelbart!“

Darauf kamen sie über eine Wiese, da fragte sie wieder:

„Wem gehört die schöne, grüne Wiese?“

„Sie gehört dem König Droßelbart:
hättst du’n genommen, so wär sie dein!“
„Ich arme Jungfer zart,
ach, hätt ich genommen den König Droßelbart!“

Dann kamen sie durch eine große Stadt, da fragte sie wieder:

„Wem gehört wohl die schöne große Stadt?“
„Sie gehört dem König Droßelbart,
hättst du’n genommen, so wär sie dein!“
„Ich arme Jungfer zart,
ach, hätt ich genommen den König Droßelbart!“

„Das gefällt mir gar nicht, sprach der Spielmann, dass du dir immer einen andern zum Mann
wünschest, bin ich dir nicht gut genug?“ Endlich kamen sie an ein ganz kleines Häuschen, da
sprach sie:

„Ach Gott! Was für ein Häuselein!
wem mag das elende, winzige Häuschen sein?“

Der Spielmann antwortete: „das ist mein und dein Haus, wo wir zusammen wohnen.“ „Wo sind
die Diener?“ sprach die Königstochter. „Was, Diener! antwortete der Bettelmann, du musst dir
selber tun, was du willst getan haben. Mach nur gleich Feuer an und stell Wasser auf, dass
du mir mein Essen kochst, ich bin ganz müd.“ Die Königstochter verstand aber nichts vom
Feueranmachen und Kochen, und der Bettelmann musste selber mit Hand anlegen, dass es noch so
leidlich ging. Als sie die schmale Kost gegessen hatten, legten sie sich zu Bett, aber am Morgen
trieb er sie schon ganz früh heraus, weil sie das Haus
[260] besorgen sollte. Ein paar Tage lebten sie
auf diese Art schlecht genug, und zehrten ihren Vorrat auf. Da sprach der Mann: „Frau, so gehts
nicht länger, dass wir hier zehren und nichts verdienen. Du sollst Körbe flechten.“ Er ging aus,
schnitt Weiden und brachte sie heim, da fing sie an zu flechten, aber die harten Weiden stachen
ihr die zarten Hände wund. „Ich sehe das geht nicht, sprach der Mann, spinn lieber, vielleicht
kannst du das besser.“ Sie setzte sich hin und versuchte zu spinnen, aber der harte Faden schnitt
ihr bald in die weichen Finger, dass das Blut daran herunterlief. „Siehst du, sprach der Mann,
du taugst zu keiner Arbeit, mit dir bin ich schlimm angekommen. Nun will ichs versuchen und
einen Handel mit Töpfen und irdenem Geschirr anfangen, du sollst dich auf den Markt setzen und die Ware feil halten.“ „Ach, dachte sie, wenn auf den Markt Leute aus meines Vaters Reich
kommen und sehen mich da sitzen und feil halten, wie werden sie mich verspotten!“ Aber es
half nichts, sie musste hin, wenn sie nicht Hungers sterben wollten. Das erstemal gings gut, denn
die Leute kauften der Frau weil sie so schön war gern ihre Ware ab und bezahlten, was sie
foderte, ja viele gaben ihr das Geld und ließen ihr die Töpfe noch dazu. Nun lebten sie von dem
erworbenen so lang es dauerte, da handelte der Mann wieder eine Menge neues Geschirr ein
und sie setzte sich an eine Ecke des Markts und stellte es um sich her und hielt feil. Da kam
plötzlich ein trunkener Husar daher gejagt und ritt gerade zu in die Töpfe hinein, dass alles in
tausend Scherben zersprang. Sie fing an zu weinen und wusste nicht vor
[261] Angst, was sie anfangen
sollte. „Ach wie wird mirs ergehen! rief sie, was wird mein Mann dazu sagen!“ Sie lief heim und
erzählte ihm das Unglück. „Wer setzt sich auch an die Ecke des Markts mit irdenem Geschirr!
sprach der Mann, laß nur das Weinen, ich sehe wohl, du bist zu keiner ordentlichen Arbeit zu
gebrauchen; da bin ich in unseres Königs Schloss gewesen und habe gefragt, ob sie nicht eine
Küchenmagd brauchen könnten und sie haben mir versprochen, sie wollten dich dazu nehmen,
dafür bekommst du freies Essen.“

Nun ward die Königstochter eine Küchenmagd, musste dem Koch zur Hand gehen und die
sauerste Arbeit tun. Sie machte sich an beiden Seiten in den Taschen ein Töpfchen fest, darin
trug sie, was sie von dem übrig gebliebenen erhielt, nach Haus und sie lebten zusammen davon.
Es trug sich zu, dass die Hochzeit des ältesten Königssohns sollte gefeiert werden, da ging
die arme Frau hinauf, stellte sich vor die Saaltüre und sah zu. Als nun alles voll Pracht und
Herrlichkeit war, da dachte sie mit betrübtem Herzen an ihr Schicksal, und verwünschte ihren
Hochmut und Übermut, der sie in diese Armut gestürzt hatte. Von den köstlichen Speisen,
die da ein und ausgetragen wurden, erhielt sie von den Dienern manchmal etwas geschenkt, das
tat sie in ihre Töpfchen und wollte es heim tragen. Auf einmal trat der Königssohn in goldenen
Kleidern daher, und als er die schöne Frau in der Türe stehen sah, ergriff er sie bei der Hand
und wollte mit ihr tanzen, aber sie wollte nicht und erschrak, denn sie sah, dass es der König
Droßelbart war, der um sie gefreit
[262] und den sie mit Spott abgewiesen hatte. Als sie sich sträubte,
zog er sie herein, da ging das Band auf, welches die Taschen hielt und die Töpfe fielen heraus,
dass die Suppe floß und die Brocken umher sprangen. Und wie das die Leute sahen, entstand ein
allgemeines Gelächter und Spotten, und sie war so beschämt, dass sie sich lieber tausend Klafter
unter die Erde gewünscht hätte. Sie sprang zur Türe und wollte entfliehen, aber auf der Treppe
holte sie ein Mann ein und brachte sie zurück und wie sie ihn ansah, war es der König Droßelbart
selbst, der sprach: „fürchte dich nicht, ich und der Spielmann, der mit dir in dem elenden
Häuschen gewohnt hat, sind eins, dir zur Liebe habe ich mich so verstellt und der Husar, der dir
die Töpfe entzwei geritten hat, bin ich auch gewesen. Das alles ist geschehen, um deinen stolzen
Sinn zu beugen und dich für deinen Hochmut womit du mich verspottet hast, zu strafen.
Nun aber ist’s vorüber und jetzt soll unser Hochzeitfest sein.“ Da kamen die Kammerfrauen und
taten ihr die prächtigsten Kleider an, und ihr Vater kam und der ganze Hof und wünschten ihr
Glück zu ihrer Vermählung mit dem König Droßelbart, und die rechte Freude fing jetzt erst an.
Ich wollte, du und ich, wir wären auch dabei gewesen.









"
"Marienkind_(1843).txt","
[10] 

Vor einem großen Walde lebte ein Holzhacker mit seiner Frau und seinem einzigen Kind, das war ein Mädchen und drei Jahre alt. Sie waren aber so arm, dass sie nicht mehr das tägliche Brot hatten, und nicht wussten was sie ihm sollten zu essen geben. Eines Morgens ging der Holzhacker voller Sorgen hinaus in den Wald an seine Arbeit, und wie er da Holz hackte, stand auf einmal eine schöne große Frau vor ihm, die hatte eine Krone von leuchtenden Sternen auf dem Haupt, und sprach zu ihm „ich bin die Jungfrau Maria, die Mutter des Christkindleins: du bist arm und dürftig, bring mir dein Kind, ich will es mit mir nehmen, seine Mutter sein und für es sorgen.“ Der Holzhacker gehorchte, holte sein Kind, und übergab es der Jungfrau Maria, die nahm es mit sich hinauf in den Himmel. Da ging es ihm wohl, es aß Zuckerbrot und trank süße Milch, und seine Kleider waren von Gold, und die Englein spielten mit ihm. Als es nun vierzehn Jahr alt geworden war, rief es einmal die Jungfrau Maria zu sich, und sprach „liebes Kind, ich habe eine große Reise vor, da nimm die Schlüssel zu den dreizehn Türen des Himmelreichs in Verwahrung: zwölf darfst du davon aufschließen, und die Herrlichkeiten betrachten,
[11] aber die dreizehnte, die dieser kleine Schlüssel öffnet, die ist dir verboten, und hüte dich dass du sie nicht aufschließest, sonst wirst du unglücklich.“ Das Mädchen versprach ihr gehorsam zu sein, und als nun die Jungfrau Maria weg war, fing es an und besah die Wohnungen des Himmelreichs: jeden Tag schloss es eine auf, bis die zwölfe herum waren. In jeder aber saß ein Apostel, und war so viel Glanz umher, dass es sein Lebtag solche Pracht und Herrlichkeit nicht gesehen hatte: und es freute sich darüber, und die Englein, die es immer begleiteten, freuten sich mit ihm. Nun war nur noch die verbotene Tür übrig, da empfand es eine große Lust zu wissen was dahinter verborgen wäre, und sprach zu den Englein „ganz aufmachen will ich sie nicht, aber ein bisschen aufschließen, damit wir durch den Ritz sehen.“ „Ach nein,“ sagten die Englein, „das wäre Sünde: die Jungfrau Maria hats verboten, und es könnte leicht dein Unglück werden.“ Da schwieg es still, aber die Lust und Neugier in seinem Herzen schwieg nicht still, sondern pickte ordentlich daran,und ließ ihm keine Ruhe. Und als die Englein einmal weggegangen waren, dachte es „nun bin ich ganz allein, wer siehts dann?“ und holte den Schlüssel. Und als es ihn geholt hatte, steckte es ihn auch in das Schlüsselloch, und als es ihn hinein gesteckt hatte, drehte es auch um. Da sprang die Türe auf, und es sah ein Feuer und Glanz die Dreieinigkeit sitzen, und rührte ein klein wenig mit dem Finger an den Glanz, da ward er ganz golden. Da ward ihm Angst, und es schlug die Türe heftig zu, und lief fort. Die Angst wollt auch nicht wieder weichen, es mochte anfangen
[12] was es wollte, und das Herz klopfte in einem fort und wollte nicht ruhig werden: auch das Gold blieb an dem Finger, und ging nicht ab, es mochte waschen so viel es wollte.

Nach wenigen Tagen kam die Jungfrau Maria von ihrer Reise zurück, rief das Mädchen zu sich, und forderte ihm die Himmelsschlüssel wieder ab. Indem es den Bund hinreichte, blickte es die Jungfrau an, und sprach „hast du auch nicht die dreizehnte Türe geöffnet?“ „Nein“ antwortete es. Da legte sie ihre Hand auf sein Herz, fühlte wie es klopfte und klopfte, und merkte wohl dass es ihr Gebot übertreten, und die Türe aufgeschlossen hatte. Da sprach sie noch einmal „hast du es gewiss nicht getan?“ „Nein“ sagte das Mädchen zum zweitenmal. Da erblickte sie den Finger, der von der Berührung des himmlischen Feuers golden geworden war, und wusste nun gewiss dass es schuldig war, und sprach zum drittenmal „hast du es nicht getan?“ „Nein“ sagte das Mädchen zum drittenmal. Da sprach die Jungfrau Maria „du hast mir nicht gehorcht, und hast gelogen, du bist nicht mehr würdig im Himmel zu sein.“

Da versank das Mädchen in einen tiefen Schlaf, und als es erwachte, lag es unten auf der Erde, mitten in einer Wildnis. Es wollte rufen, aber es konnte keinen Laut hervorbringen: es sprang auf, und wollte fortlaufen, aber wo es sich hinwendete, überall ward es von dichtem Gebüsch zurück gehalten, das es nicht durchbrechen konnte. In dem Kreiss, in welchem es eingeschlossen war, stand ein alter hohler Baum, der diente ihm als Wohnung. Darin schlief es Nachts, und wenn
[13] es stürmte und regnete, fand es darin Schutz. Wurzeln und Waldbeeren waren seine einzige Nahrung, die suchte es sich, so weit es kommen konnte. Im Herbst sammelte es die Blätter des Baumes, und trug sie in die Höhle, und wenn es dann schneite und fror, barg es sich darin. Auch verdarben seine Kleider, und fielen ihm ab, da musste es sich in die Blätter einhüllen. Sobald dann die Sonne wieder warm schien, ging es heraus, und setzte sich vor den Baum, und seine langen Haare bedeckten es von allen Seiten wie ein Mantel. So saß es lange Zeit, und fühlte den Jammer und das Elend der Welt.

Einmal zur Frühlingszeit jagte der König des Landes in dem Wald, und verfolgte ein Wild, und weil es in das Gebüsch geflohen war, das den hohlen Baum umschloss, stieg er ab, riss es von einander, und hieb sich mit seinem Schwert einen Weg. Als er nun hindurchgedrungen war, sah es unter dem Baum ein wunderschönes Mädchen sitzen, das von seinem goldenen Haar bis zu den Fußzehen bedeckt war. Er betrachtete es voll Erstaunen, und sprach „wie bist du in die Einöde gekommen?“ Es schwieg aber still, denn es konnte seinen Mund nicht auftun. Der König sprach weiter „willst du mit mir auf mein Schloss gehen?“ Da nickte es bloß ein wenig mit dem Kopf. Der König nahm es auf seinen Arm, trug es auf sein Pferd, und führte es heim, wo er ihm Kleider anziehen ließ, und ihm alles im Überfluss gab. Und ob es gleich nicht sprechen konnte so war es doch so schön und lieblich, dass er es von Herzen lieb gewann, und sich mit ihm vermählte.

 
[14] Als etwa ein Jahr verflossen war, brachte die Königin einen Sohn zur Welt. Darauf in der Nacht, wo sie allein in ihrem Bette lag, erschien ihr die Jungfrau Maria, und sprach „willst du nun die Wahrheit sagen, und gestehen dass du die verbotene Tür aufgeschlossen hast, so will ich deinen Mund öffnen, und dir die Sprache wieder geben: verharrst du aber in der Sünde, und leugnest hartnäckig, so nehm ich dein neugebornes Kind mit mir.“ Da war der Königin verliehen zu antworten, sie aber sprach „nein, ich habe die verbotene Tür nicht geöffnet,“ und die Jungfrau Maria nahm das neugeborne Kind ihr aus dem Arme, und verschwand damit. Am andern Morgen, als das Kind nicht zu finden war, ging ein Gemurmel unter den Leuten, die Königin wäre eine Menschenfresserin, und hätte ihr eigenes Kind umgebracht. Sie hörte alles, und konnte nichts dagegen sagen, der König aber hatte sie zu lieb als dass ers glauben wollte.

Nach einem Jahr gebar die Königin wieder einen Sohn, da trat in der Nacht auch wieder die Jungfrau Maria vor sie, und sprach „willst du nun gestehen dass du die verbotene Türe geöffnet hast, so will ich dir dein Kind wiedergeben, und deinen Mund lösen: verharrst du aber in der Sünde, und leugnest, so nehme ich auch dieses neugeborne mit mir.“ Da sprach die Königin wiederum „nein, ich habe die verbotene Tür nicht geöffnet,“ und die Jungfrau nahm ihr das Kind aus den Armen weg und mit sich in den Himmel. Am Morgen, als die Leute hörten dass das Kind abermals verschwunden sei, sagten sie laut die Königin hätte es gefressen, und des Königs
[15] Räte verlangten dass sie sollte gerichtet werden. Der König aber hatte sie so lieb dass er es nicht glauben wollte, und befahl den Räten bei Leibes- und Lebensstrafe nichts mehr darüber zu sprechen.

Im dritten Jahre gebar die Königin ein schönes Töchterlein, da erschien ihr auch wieder Nachts die Jungfrau Maria, und sprach „folge mir.“ Und sie nahm sie bei der Hand, und führte sie in den Himmel, und zeigte ihr da ihre beiden ältesten Kinder, die lachten sie an, und spielten mit der Weltkugel. Und als sich die Königin darüber freuete, sprach die Jungfrau Maria „willst du nun eingestehen dass du die verbotene Tür geöffnet hast, so will ich dir deine beiden Söhnlein zurück geben.“ Die Königin antwortete zum drittenmal „nein, ich habe die verbotene Tür nicht geöffnet.“ Da ließ sie die Jungfrau wieder zur Erde hinabsinken, und nahm ihr auch das dritte Kind.

Am andern Morgen, als es ruchbar ward, riefen alle Leute laut „die Königin ist eine Menschenfresserin, sie muss verurteilt werden!“ und der König konnte seine Räte nicht mehr zurückweisen. Es wurde ein Gericht über sie gehalten, und weil sie nicht antworten und sich nicht verteidigen konnte, ward sie verurteilt auf dem Scheiterhaufen zu sterben. Das Holz wurde zusammengetragen, und als sie nun an den Pfahl festgebunden war, und das Feuer rings umher zu brennen anfing, da ward ihr Herz von Reue bewegt, und sie dachte „könnt ich vor meinem Tode gestehen dass ich die Tür geöffnet habe“ und rief „ja, Maria, ich habe es getan!“ Und wie der Gedanke in ihr Herz kam, da fing der Himmel
[16] an zu regnen, und löschte die Feuerflammen, und über ihr brach ein Licht hervor, und die Jungfrau Maria kam herab, und hatte die beiden Söhnlein zu ihren Seiten, das neu geborne Töchterlein auf dem Arm. Sie sprach freundlich zu ihr „wer seine Sünde gesteht und bereut, dem ist sie vergeben,“ und reichte ihr die Kinder, löste ihr den Mund, und gab ihr Glück für das ganze Leben.










"
"Rapunzel_(1850).txt","
Es war einmal ein Mann und eine Frau, die wünschten sich schon lange vergeblich ein Kind, endlich machte sich die Frau Hoffnung der liebe Gott werde ihren Wunsch erfüllen. Die Leute hatten in ihrem Hinterhaus ein kleines Fenster, daraus konnte man in einen prächtigen Garten sehen, der voll der schönsten Blumen und Kräuter stand; er war aber von einer hohen Mauer umgeben, und niemand wagte hinein zu gehen, weil er einer Zauberin gehörte, die große Macht hatte, und von aller Welt gefürchtet wurde. Eines Tags stand die Frau an diesem Fenster und sah in den Garten hinab, da erblickte sie ein Beet, das mit den schönsten Rapunzeln bepflanzt war: und sie sahen so frisch und grün aus, dass sie lüstern ward und das größte Verlangen empfand von den Rapunzeln zu essen. Das Verlangen nahm jeden Tag zu, und da sie wusste dass sie keine davon bekommen konnte, so fiel sie ganz ab, sah blaß und elend aus. Da erschrak der Mann und fragte „was fehlt dir, liebe Frau?“ „Ach,“ antwortete sie, „wenn ich keine Rapunzeln aus dem Garten hinter unserm Hause zu essen kriege, so sterbe ich.“ Der Mann, der sie lieb hatte, dachte „eh du deine Frau sterben lässest, holst du ihr von den Rapunzeln, es mag kosten was
[74] es will.“ In der Abenddämmerung stieg er also über die Mauer in den Garten der Zauberin, stach in aller Eile eine Hand voll Rapunzeln und brachte sie seiner Frau. Sie machte sich sogleich Salat daraus und aß sie in voller Begierde auf. Sie hatten ihr aber so gut, so gut geschmeckt, dass sie den andern Tag noch dreimal so viel Lust bekam. Sollte sie Ruhe haben, so musste der Mann noch einmal in den Garten steigen. Er machte sich also in der Abenddämmerung wieder hinab, als er aber die Mauer herabgeklettert war, erschrak er gewaltig, denn er sah die Zauberin vor sich stehen. „Wie kannst du es wagen,“ sprach sie mit zornigem Blick, „in meinen Garten zu steigen und wie ein Dieb mir meine Rapunzeln zu stehlen? das soll dir schlecht bekommen.“ „Ach,“ antwortete er, „lasst Gnade für Recht ergehen, ich habe mich nur aus Not dazu entschlossen: meine Frau hat eure Rapunzeln aus dem Fenster erblickt, und empfindet ein so großes Gelüsten, dass sie sterben würde, wenn sie nicht davon zu essen bekäme.“ Da ließ die Zauberin in ihrem Zorne nach und sprach zu ihm „verhält es sich so, wie du sagst, so will ich dir gestatten Rapunzeln mitzunehmen so viel du willst, allein ich mache eine Bedingung: du musst mir das Kind geben, das deine Frau zur Welt bringen wird. Es soll ihm gut gehen, und ich will für es sorgen wie eine Mutter.“ Der Mann sagte in der Angst alles zu, und als die Frau in Wochen kam, so erschien sogleich die Zauberin, gab dem Kinde den Namen Rapunzel und nahm es mit sich fort.

Rapunzel ward das schönste Kind unter der Sonne. Als es zwölf Jahre alt war, schloss es die Zauberin in einen Turm, der
[75] in einem Walde lag, und weder Treppe noch Türe hatte, nur ganz oben war ein kleines Fensterchen. Wenn die Zauberin hinein wollte, so stellte sie sich unten hin, und rief

„Rapunzel, Rapunzel,
laß mir dein Haar herunter.“

Rapunzel hatte lange prächtige Haare, fein wie gesponnen Gold. Wenn sie nun die Stimme der Zauberin vernahm, so band sie ihre Zöpfe los, wickelte sie oben um einen Fensterhaken, und dann fielen die Haare zwanzig Ellen tief herunter, und die Zauberin stieg daran hinauf.

Nach ein paar Jahren trug es sich zu, dass der Sohn des Königs durch den Wald ritt und an dem Turm vorüber kam. Da hörte er einen Gesang, der war so lieblich, dass er still hielt und horchte. Das war Rapunzel, die in ihrer Einsamkeit sich die Zeit damit vertrieb, ihre süße Stimme erschallen zu lassen. Der Königssohn wollte zu ihr hinauf steigen und suchte nach einer Türe des Turms, aber es war keine zu finden. Er ritt heim, doch der Gesang hatte ihm so sehr das Herz gerührt, dass er jeden Tag hinaus in den Wald ging und zuhörte. Als er einmal so hinter einem Baum stand, sah er dass eine Zauberin heran kam und hörte wie sie hinauf rief

„Rapunzel, Rapunzel,
laß dein Haar herunter.“

Da ließ Rapunzel die Haarflechten herab, und die Zauberin stieg zu ihr hinauf. „Ist das die Leiter, auf welcher man hinauf kommt, so will ich auch einmal mein Glück versuchen.“ Und den folgenden
[76] Tag, als es anfing dunkel zu werden, ging er zu dem Turme und rief

„Rapunzel, Rapunzel,
laß dein Haar herunter.“

Alsbald fielen die Haare herab und der Königssohn stieg hinauf.

Anfangs erschrak Rapunzel gewaltig als ein Mann zu ihr herein kam, wie ihre Augen noch nie einen erblickt hatten, doch der Königssohn fing an ganz freundlich mit ihr zu reden und erzählte ihr dass von ihrem Gesang sein Herz so sehr sei bewegt worden, dass es ihm keine Ruhe gelassen, und er sie selbst habe sehen müssen. Da verlor Rapunzel ihre Angst, und als er sie fragte ob sie ihn zum Manne nehmen wollte, und sie sah dass er jung und schön war, so dachte sie „der wird mich lieber haben als die alte Frau Gothel,“ und sagte ja, und legte ihre Hand in seine Hand. Sie sprach „ich will gerne mit dir gehen, aber ich weiss nicht wie ich herab kommen kann. Wenn du kommst, so bring jedesmal einen Strang Seide mit, daraus will ich eine Leiter flechten und wenn die fertig ist, so steige ich herunter und du nimmst mich auf dein Pferd.“ Sie verabredeten dass er bis dahin alle Abend zu ihr kommen sollte, denn bei Tag kam die Alte. Die Zauberin merkte auch nichts davon, bis einmal Rapunzel anfing und zu ihr sagte „sag sie mir doch, Frau Gothel, wie kommt es nur, sie wird mir viel schwerer heraufzuziehen, als der junge Königssohn, der ist in einem Augenblick bei mir.“ „Ach du gottloses Kind,“ rief die Zauberin, „was muss ich von dir hören, ich dachte ich hätte dich von aller Welt geschieden, und du hast mich doch betrogen!“ In ihrem Zorne
[77] packte sie die schönen Haare der Rapunzel, schlug sie ein paar Mal um ihre linke Hand, griff eine Schere mit der rechten, und ritsch, ratsch, warm sie abgeschnitten, und die schönen Flechten lagen auf der Erde. Und sie war so unbarmherzig dass sie die arme Rapunzel in eine Wüstenei brachte, wo sie in großem Jammer und Elend leben musste.

Denselben Tag aber, wo sie Rapunzel verstoßen hatte, machte Abends die Zauberin die abgeschnittenen Flechten oben am Fensterhaken fest, und als der Königssohn kam und rief

„Rapunzel, Rapunzel,
laß dein Haar herunter,“

so ließ sie die Haare hinab. Der Königssohn stieg hinauf, aber er fand oben nicht seine liebste Rapunzel, sondern die Zauberin, die ihn mit bösen und giftigen Blicken ansah. „Aha,“ rief sie höhnisch, „du willst die Frau Liebste holen, aber der schöne Vogel sitzt nicht mehr im Nest und singt nicht mehr, die Katze hat ihn geholt und wird dir auch noch die Augen auskratzen. Für dich ist Rapunzel verloren, du wirst sie nie wieder erblicken.“ Der Königssohn geriet außer sich vor Schmerz, und in der Verzweiflung sprang er den Turm herab: das Leben brachte er davon, aber die Dornen, in die er fiel, zerstachen ihm die Augen. Da irrte er blind im Walde umher, aß nichts als Wurzeln und Beeren, und tat nichts als jammern und weinen über den Verlust seiner liebsten Frau. So wanderte er einige Jahre im Elend umher und geriet endlich in die Wüstenei, wo Rapunzel mit den Zwillingen, die sie geboren hatte, einem Knaben und Mädchen, kümmerlich lebte. Er vernahm
[78] eine Stimme, und sie däuchte ihn so bekannt: da ging er darauf zu, und wie er heran kam, erkannte ihn Rapunzel und fiel ihm um den Hals und weinte. Zwei von ihren Tränen aber benetzten seine Augen, da wurden sie wieder klar, und er konnte damit sehen wie sonst. Er führte sie in sein Reich, wo er mit Freude empfangen ward, und sie lebten noch lange glücklich und vergnügt.









"
"Rumpelstilzchen_(1857).txt","
Es war einmal ein Müller, der war arm, aber er hatte eine schöne Tochter. Nun traf es sich, dass er mit dem König zu sprechen kam, und um sich ein Ansehen zu geben, sagte er zu ihm „ich habe eine Tochter, die kann Stroh zu Gold spinnen.“ Der König sprach zum Müller „das ist eine Kunst, die mir wohl gefällt, wenn deine Tochter so geschickt ist, wie du sagst, so bring sie Morgen in mein Schloss, da will ich sie auf die Probe stellen.“ Als nun das Mädchen zu ihm gebracht ward, führte er es in eine Kammer, die ganz voll Stroh lag, gab ihr Rad und Haspel und sprach „jetzt mache dich an die Arbeit, und wenn du diese Nacht durch bis morgen früh dieses Stroh nicht zu Gold versponnen hast, so musst du sterben.“ Darauf schloss er die Kammer selbst zu, und sie blieb allein darin.

Da saß nun die arme Müllerstochter und wusste um ihr Leben keinen Rat: sie verstand gar nichts davon, wie man Stroh zu Gold spinnen konnte, und ihre Angst ward immer größer, dass sie endlich zu weinen anfing. Da ging auf einmal die Türe auf, und trat ein kleines Männchen herein und sprach „guten Abend, Jungfer Müllerin, warum weint sie so sehr?“ „Ach,“ antwortete das Mädchen, „ich soll Stroh zu Gold spinnen, und verstehe das nicht.“ Sprach das Männchen „was gibst du mir, wenn ich dirs spinne?“ „Mein Halsband“ sagte das Mädchen. Das Männchen nahm das Halsband, setzte sich vor das Rädchen, und schnurr, schnurr, schnurr, dreimal gezogen, war die Spule voll. Dann steckte es eine andere auf, und schnurr, schnurr, schnurr,
[282] dreimal gezogen, war auch die zweite voll: und so gings fort bis zum Morgen, da war alles Stroh versponnen, und alle Spulen waren voll Gold. Bei Sonnenaufgang kam schon der König und als er das Gold erblickte, erstaunte er und freute sich, aber sein Herz ward nur noch goldgieriger. Er ließ die Müllerstochter in eine andere Kammer voll Stroh bringen, die noch viel größer war, und befahl ihr das auch in einer Nacht zu spinnen, wenn ihr das Leben lieb wäre. Das Mädchen wusste sich nicht zu helfen und weinte, da ging abermals die Türe auf, und das kleine Männchen erschien und sprach „was gibst du mir, wenn ich dir das Stroh zu Gold spinne?“ „Meinen Ring von dem Finger“ antwortete das Mädchen. Das Männchen nahm den Ring, fing wieder an zu schnurren mit dem Rade und hatte bis zum Morgen alles Stroh zu glänzendem Gold gesponnen. Der König freute sich über die Maßen bei dem Anblick, war aber noch immer nicht Goldes satt, sondern ließ die Müllerstochter in eine noch größere Kammer voll Stroh bringen und sprach „die musst du noch in dieser Nacht verspinnen: gelingt dirs aber, so sollst du meine Gemahlin werden.“ „Wenns auch eine Müllerstochter ist,“ dachte er, „eine reichere Frau finde ich in der ganzen Welt nicht.“ Als das Mädchen allein war, kam das Männlein zum drittenmal wieder und sprach „was gibst du mir, wenn ich dir noch diesmal das Stroh spinne?“ „Ich habe nichts mehr, das ich geben könnte“ antwortete das Mädchen. „So versprich mir, wenn du Königin wirst, dein erstes Kind.“ „Wer weiss wie das noch geht“ dachte die Müllerstochter und wusste sich auch in der Not nicht anders zu helfen; sie versprach also dem Männchen was es verlangte, und das Männchen spann dafür noch einmal das Stroh zu Gold. Und als am Morgen der König kam und alles fand wie er gewünscht hatte, so hielt er Hochzeit mit ihr, und die schöne Müllerstochter ward eine Königin.


[283] Über ein Jahr brachte sie ein schönes Kind zur Welt und dachte gar nicht mehr an das Männchen: da trat es plötzlich in ihre Kammer und sprach „nun gib mir was du versprochen hast.“ Die Königin erschrak und bot dem Männchen alle Reichtümer des Königreichs an, wenn es ihr das Kind lassen wollte: aber das Männchen sprach „nein, etwas lebendes ist mir lieber als alle Schätze der Welt.“ Da fing die Königin so an zu jammern und zu weinen, dass das Männchen Mitleiden mit ihr hatte: „drei Tage will ich dir Zeit lassen,“ sprach er, „wenn du bis dahin meinen Namen weisst, so sollst du dein Kind behalten.“

Nun besann sich die Königin die ganze Nacht über auf alle Namen, die sie jemals gehört hatte, und schickte einen Boten über Land, der sollte sich erkundigen weit und breit was es sonst noch für Namen gäbe. Als am andern Tag das Männchen kam, fing sie an mit Caspar, Melchior, Balzer, und sagte alle Namen, die sie wusste, nach der Reihe her, aber bei jedem sprach das Männlein „so heiss ich nicht.“ Den zweiten Tag ließ sie in der Nachbarschaft herumfragen wie die Leute da genannt würden, und sagte dem Männlein die ungewöhnlichsten und seltsamsten Namen vor, „heisst du vielleicht Rippenbiest oder Hammelswade oder Schnürbein?“ aber es antwortete immer „so heiss ich nicht.“ Den dritten Tag kam der Bote wieder zurück und erzählte „neue Namen habe ich keinen einzigen finden können, aber wie ich an einen hohen Berg um die Waldecke kam, wo Fuchs und Has sich gute Nacht sagen, so sah ich da ein kleines Haus, und vor dem Haus brannte ein Feuer, und um das Feuer sprang ein gar zu lächerliches Männchen, hüpfte auf einem Bein und schrie

„heute back ich, morgen brau ich,
übermorgen hol ich der Königin ihr Kind;
ach, wie gut ist dass niemand weiss
dass ich Rumpelstilzchen heiss!“

[284] Da könnt ihr denken wie die Königin froh war, als sie den Namen hörte, und als bald hernach das Männlein herein trat und fragte „nun, Frau Königin, wie heiss ich?“ fragte sie erst „heißest du Kunz?“ „Nein.“ „Heißest du Heinz?“ „Nein.“

„Heisst du etwa Rumpelstilzchen?“
„Das hat dir der Teufel gesagt, das hat dir der Teufel gesagt“ schrie das Männlein und stieß mit dem rechten Fuß vor Zorn so tief in die Erde, dass es bis an den Leib hineinfuhr, dann packte es in seiner Wut den linken Fuß mit beiden Händen und riss sich selbst mitten entzwei.









"
"VogelPhoenix_(1812).txt","Eines Tags ging ein reicher Mann spazieren an den Fluss, da kam ein kleines Kästchen geschwommen, dies Kästchen nahm er und machte den Deckel auf, da lag ein kleines Kind darin, welches er mit heim nahm und aufziehen ließ. Der Verwalter konnte aber das Kind nicht leiden, und einmal nahm ers mit sich in einem Kahn auf den Fluss, und als er mitten darin war, sprang er schnell heraus ans Land, und ließ das Kind allein im Kahn. Und der Kahn trieb immer fort, bis an die Mühle, da sah der Müller das Kind und erbarmte sich, nahm es heraus und erzog es in seinem Haus. Einmal aber kam von ungefähr der Verwalter in dieselbe Mühle, erkannte das Kind und nahm es mit sich. Bald darauf gab er dem jungen Menschen einen Brief zu tragen an seine Frau, worin stand: „den Überbringer dieses Briefs sollst du den Augenblick umbringen.“ Unterwegs aber begegnete dem jungen Menschen im Walde ein alter Mann, welcher sprach: weis’ mir doch einmal den Brief, den du da in der Hand trägst! Da nahm er ihn, drehte ihn bloß einmal herum und gab ihn wieder, nun stand darin: dem Überbringer sollst du augenblicks
[349] unsere Tochter zur Frau geben! So geschah es, und als der Verwalter das hörte, geriet er in Ärger und sagte: „he, so geschwind gehts nicht, eh ich dir meine Tochter lasse, sollst du mir erst drei Federn vom Vogel Phönix bringen.“

Der Jüngling machte sich auf den Weg nach dem Vogel Phönix, und an derselben Stelle im Wald begegnete ihm wieder derselbe alte Mann und sprach: geh den ganzen Tag weiter fort, Abends wirst du an einen Baum kommen, darauf zwei Tauben sitzen, die werden dir das weitere sagen! Wie er Abends an den Baum kam, saßen zwei Tauben drauf. Die eine Taube sprach: wer da zum Vogel Phönix will, muss gehen den ganzen Tag, so wird er Abends an ein Tor kommen, das ist zugeschlossen. Die andere Taube sprach: unter diesem Baum liegt ein Schlüssel von Gold, der schließt das Tor auf. Da fand er den Schlüssel und schloss das Tor damit auf; hinterm Tor, da saßen zwei Männer, der eine Mann sprach: wer den Vogel Phönix sucht, muss einen großen Weg machen über den hohen Berg, und dann wird er endlich in das Schloss kommen.

Am Abend des dritten Tags langte er endlich im Schloss an, da saß ein weißes Mamsellchen, und sprach: was wollt ihr hier? – Ach, ich will mir gern drei Federn vom Vogel Phönix
[350] holen. Sie sprach: ihr seid in Lebensgefahr, denn wo euch der Vogel Phönix gewahr würde, fräße er euch auf mit Haut und Haar, doch will ich sehen, wie ich euch zu den drei Federn verhelfe, alle Tage kommt er hierher, da muss ich ihn mit einem engen Kamm kämmen; geschwind hier unter den Tisch, der war rund um mit Tuch beschlagen.

Indem kam der Vogel Phönix heim, setzte sich oben auf den Tisch und sprach: ich wittere, wittere Menschenfleisch! – „Ach was? ihr seht ja wohl, dass niemand hier ist“ – kämm mich nun, sprach der Vogel Phönix.

Das weiße Mamsellchen kämmte ihn nun, und er schlief darüber ein; wie er recht fest schlief, packte sie eine Feder, zog sie aus und warf sie unterm Tisch. Da wachte er auf: „was raufst du mich so? mir hat geträumt, es käme ein Mensch und zöge mir eine Feder aus.“ Sie stellte ihn aber zufrieden, und so gings das anderemal und das drittemal. Wie der junge Mensch die drei Federn hatte, zog er damit heim und bekam nun seine Braut.
"
"VomSuessenBrei_(1819).txt","
Es war einmal ein armes, frommes Mädchen, das lebte mit seiner Mutter allein und sie hatten nichts mehr zu essen. Da ging das Kind hinaus in den Wald und begegnete ihm darin eine alte Frau, die wusste seinen Jammer schon und schenkte ihm ein Töpfchen, zu dem sollt’ es sagen: „Töpfchen koch!“ so kochte es guten, süßen Hirsenbrei, und wenn es sagte: „Töpfchen steh,“ so hörte es wieder auf zu kochen. Das Mädchen brachte den Topf seiner Mutter heim und nun waren sie ihrer Armut und ihres Hungers ledig und aßen süßen Brei, so oft sie wollten. Auf eine Zeit war das Mädchen ausgegangen, da sprach die Mutter: „Töpfchen koch!“ da kocht es und sie isst sich satt; nun will sie, dass das Töpfchen wieder aufhören soll, aber sie weiss das Wort nicht. Also kocht es fort und der Brei steigt über den Rand heraus, und kocht immer zu, die Küche und das ganze Haus voll, und das zweite Haus und dann die Straße, als wollt’s die ganze Welt satt machen, und ist die größte Not und kein Mensch weiss sich da zu helfen. Endlich, wie nur noch ein einziges Haus übrig ist, da kommt das Kind heim und spricht nur: „Töpfchen steh!“ da steht es und hört auf zu kochen, und wenn sie wieder in die Stadt wollten, haben sie sich durchessen
müssen.









"
